ISO-10303-21;
HEADER;
FILE_DESCRIPTION((''),'2;1');
FILE_NAME('C-BAT-HLD-003-SMT','2025-06-03T01:48:27',('workeradm'),(''),
'CREO PARAMETRIC BY PTC INC, 2024374','CREO PARAMETRIC BY PTC INC, 2024374','');
FILE_SCHEMA(('AUTOMOTIVE_DESIGN { 1 0 10303 214 1 1 1 1 }'));
ENDSEC;
DATA;
#14=DIRECTION('',(-1.E0,0.E0,0.E0));
#15=VECTOR('',#14,3.18E0);
#16=CARTESIAN_POINT('',(7.09E0,1.892655911912E0,1.554797504124E-1));
#17=LINE('',#16,#15);
#18=DIRECTION('',(1.E0,0.E0,0.E0));
#19=VECTOR('',#18,3.205E0);
#20=CARTESIAN_POINT('',(3.8975E0,1.95E0,4.E-1));
#21=LINE('',#20,#19);
#22=CARTESIAN_POINT('',(3.91E0,1.4E0,4.E-1));
#23=DIRECTION('',(1.E0,0.E0,0.E0));
#24=DIRECTION('',(0.E0,8.957380216578E-1,-4.445822719773E-1));
#25=AXIS2_PLACEMENT_3D('',#22,#23,#24);
#27=DIRECTION('',(0.E0,-8.957380216578E-1,4.445822719773E-1));
#28=VECTOR('',#27,2.5E-1);
#29=CARTESIAN_POINT('',(3.91E0,1.892655911912E0,1.554797504124E-1));
#30=LINE('',#29,#28);
#31=CARTESIAN_POINT('',(3.91E0,1.4E0,4.E-1));
#32=DIRECTION('',(-1.E0,0.E0,0.E0));
#33=DIRECTION('',(0.E0,9.997417021783E-1,-2.272727272727E-2));
#34=AXIS2_PLACEMENT_3D('',#31,#32,#33);
#36=DIRECTION('',(-1.E0,0.E0,0.E0));
#37=VECTOR('',#36,3.205E0);
#38=CARTESIAN_POINT('',(7.1025E0,1.7E0,4.E-1));
#39=LINE('',#38,#37);
#40=DIRECTION('',(1.E0,0.E0,0.E0));
#41=VECTOR('',#40,3.18E0);
#42=CARTESIAN_POINT('',(3.91E0,1.668721406497E0,2.666253184068E-1));
#43=LINE('',#42,#41);
#44=DIRECTION('',(7.915409284605E-1,0.E0,6.111161580026E-1));
#45=VECTOR('',#44,7.601211104148E0);
#46=CARTESIAN_POINT('',(3.983330305198E0,1.7E0,-1.446985527907E1));
#47=LINE('',#46,#45);
#48=CARTESIAN_POINT('',(4.35E0,1.7E0,-1.494477983615E1));
#49=DIRECTION('',(0.E0,1.E0,0.E0));
#50=DIRECTION('',(-8.709905730431E-1,0.E0,4.912997269184E-1));
#51=AXIS2_PLACEMENT_3D('',#48,#49,#50);
#53=CARTESIAN_POINT('',(-4.35E0,1.7E0,-1.494477983615E1));
#54=DIRECTION('',(0.E0,1.E0,0.E0));
#55=DIRECTION('',(6.111161580026E-1,0.E0,7.915409284605E-1));
#56=AXIS2_PLACEMENT_3D('',#53,#54,#55);
#58=DIRECTION('',(7.915409284605E-1,0.E0,-6.111161580026E-1));
#59=VECTOR('',#58,7.601211104148E0);
#60=CARTESIAN_POINT('',(-1.E1,1.7E0,-9.824632352941E0));
#61=LINE('',#60,#59);
#62=CARTESIAN_POINT('',(-1.E1,1.7E0,5.E-2));
#63=DIRECTION('',(0.E0,1.E0,0.E0));
#64=DIRECTION('',(-7.105427357601E-14,0.E0,1.E0));
#65=AXIS2_PLACEMENT_3D('',#62,#63,#64);
#67=CARTESIAN_POINT('',(-7.297926619566E0,1.7E0,1.597926619566E0));
#68=DIRECTION('',(0.E0,-1.E0,0.E0));
#69=DIRECTION('',(0.E0,0.E0,1.E0));
#70=AXIS2_PLACEMENT_3D('',#67,#68,#69);
#72=CARTESIAN_POINT('',(-7.297926619566E0,1.7E0,1.597926619566E0));
#73=DIRECTION('',(0.E0,-1.E0,0.E0));
#74=DIRECTION('',(6.949034114693E-1,0.E0,7.191030863015E-1));
#75=AXIS2_PLACEMENT_3D('',#72,#73,#74);
#77=CARTESIAN_POINT('',(0.E0,1.7E0,9.15E0));
#78=DIRECTION('',(0.E0,1.E0,0.E0));
#79=DIRECTION('',(0.E0,0.E0,-1.E0));
#80=AXIS2_PLACEMENT_3D('',#77,#78,#79);
#82=CARTESIAN_POINT('',(0.E0,1.7E0,9.15E0));
#83=DIRECTION('',(0.E0,1.E0,0.E0));
#84=DIRECTION('',(6.949034114694E-1,0.E0,-7.191030863014E-1));
#85=AXIS2_PLACEMENT_3D('',#82,#83,#84);
#87=CARTESIAN_POINT('',(7.297926619566E0,1.7E0,1.597926619566E0));
#88=DIRECTION('',(0.E0,-1.E0,0.E0));
#89=DIRECTION('',(0.E0,0.E0,1.E0));
#90=AXIS2_PLACEMENT_3D('',#87,#88,#89);
#92=CARTESIAN_POINT('',(7.297926619566E0,1.7E0,1.597926619566E0));
#93=DIRECTION('',(0.E0,-1.E0,0.E0));
#94=DIRECTION('',(1.E0,0.E0,0.E0));
#95=AXIS2_PLACEMENT_3D('',#92,#93,#94);
#97=DIRECTION('',(0.E0,0.E0,1.E0));
#98=VECTOR('',#97,1.497926619566E0);
#99=CARTESIAN_POINT('',(1.03E1,1.7E0,1.E-1));
#100=LINE('',#99,#98);
#101=CARTESIAN_POINT('',(1.E1,1.7E0,5.E-2));
#102=DIRECTION('',(0.E0,1.E0,0.E0));
#103=DIRECTION('',(-7.105427357601E-14,0.E0,-1.E0));
#104=AXIS2_PLACEMENT_3D('',#101,#102,#103);
#106=CARTESIAN_POINT('',(-7.1025E0,1.7E0,3.875E-1));
#107=DIRECTION('',(0.E0,1.E0,0.E0));
#108=DIRECTION('',(-1.E0,0.E0,7.105427357601E-14));
#109=AXIS2_PLACEMENT_3D('',#106,#107,#108);
#111=DIRECTION('',(0.E0,0.E0,1.E0));
#112=VECTOR('',#111,4.241413266728E0);
#113=CARTESIAN_POINT('',(-7.115E0,1.7E0,-3.853913266728E0));
#114=LINE('',#113,#112);
#115=CARTESIAN_POINT('',(-5.5E0,1.7E0,-6.5E0));
#116=DIRECTION('',(0.E0,1.E0,0.E0));
#117=DIRECTION('',(0.E0,0.E0,-1.E0));
#118=AXIS2_PLACEMENT_3D('',#115,#116,#117);
#120=CARTESIAN_POINT('',(-5.5E0,1.7E0,-6.5E0));
#121=DIRECTION('',(0.E0,1.E0,0.E0));
#122=DIRECTION('',(5.209677419355E-1,0.E0,8.535763655717E-1));
#123=AXIS2_PLACEMENT_3D('',#120,#121,#122);
#125=DIRECTION('',(0.E0,0.E0,-1.E0));
#126=VECTOR('',#125,4.241413266728E0);
#127=CARTESIAN_POINT('',(-3.885E0,1.7E0,3.875E-1));
#128=LINE('',#127,#126);
#129=CARTESIAN_POINT('',(-3.8975E0,1.7E0,3.875E-1));
#130=DIRECTION('',(0.E0,1.E0,0.E0));
#131=DIRECTION('',(-5.329070518201E-13,0.E0,1.E0));
#132=AXIS2_PLACEMENT_3D('',#129,#130,#131);
#134=CARTESIAN_POINT('',(3.8975E0,1.7E0,3.875E-1));
#135=DIRECTION('',(0.E0,1.E0,0.E0));
#136=DIRECTION('',(-1.E0,0.E0,7.105427357601E-14));
#137=AXIS2_PLACEMENT_3D('',#134,#135,#136);
#139=CARTESIAN_POINT('',(5.5E0,1.7E0,-6.5E0));
#140=DIRECTION('',(0.E0,1.E0,0.E0));
#141=DIRECTION('',(0.E0,0.E0,-1.E0));
#142=AXIS2_PLACEMENT_3D('',#139,#140,#141);
#144=CARTESIAN_POINT('',(5.5E0,1.7E0,-6.5E0));
#145=DIRECTION('',(0.E0,1.E0,0.E0));
#146=DIRECTION('',(5.209677419355E-1,0.E0,8.535763655717E-1));
#147=AXIS2_PLACEMENT_3D('',#144,#145,#146);
#149=CARTESIAN_POINT('',(7.1025E0,1.7E0,3.875E-1));
#150=DIRECTION('',(0.E0,1.E0,0.E0));
#151=DIRECTION('',(0.E0,0.E0,1.E0));
#152=AXIS2_PLACEMENT_3D('',#149,#150,#151);
#154=DIRECTION('',(0.E0,0.E0,-1.E0));
#155=VECTOR('',#154,4.246323529412E-1);
#156=CARTESIAN_POINT('',(1.E1,1.95E0,-9.4E0));
#157=LINE('',#156,#155);
#158=CARTESIAN_POINT('',(1.E1,1.95E0,5.E-2));
#159=DIRECTION('',(0.E0,-1.E0,0.E0));
#160=DIRECTION('',(-7.105427357601E-14,0.E0,1.E0));
#161=AXIS2_PLACEMENT_3D('',#158,#159,#160);
#163=DIRECTION('',(-1.E0,0.E0,0.E0));
#164=VECTOR('',#163,3.E-1);
#165=CARTESIAN_POINT('',(1.03E1,1.95E0,1.E-1));
#166=LINE('',#165,#164);
#167=CARTESIAN_POINT('',(7.297926619566E0,1.95E0,1.597926619566E0));
#168=DIRECTION('',(0.E0,1.E0,0.E0));
#169=DIRECTION('',(0.E0,0.E0,1.E0));
#170=AXIS2_PLACEMENT_3D('',#167,#168,#169);
#172=CARTESIAN_POINT('',(7.297926619566E0,1.95E0,1.597926619566E0));
#173=DIRECTION('',(0.E0,1.E0,0.E0));
#174=DIRECTION('',(-6.949034114694E-1,0.E0,7.191030863014E-1));
#175=AXIS2_PLACEMENT_3D('',#172,#173,#174);
#177=CARTESIAN_POINT('',(0.E0,1.95E0,9.15E0));
#178=DIRECTION('',(0.E0,-1.E0,0.E0));
#179=DIRECTION('',(0.E0,0.E0,-1.E0));
#180=AXIS2_PLACEMENT_3D('',#177,#178,#179);
#182=CARTESIAN_POINT('',(0.E0,1.95E0,9.15E0));
#183=DIRECTION('',(0.E0,-1.E0,0.E0));
#184=DIRECTION('',(-6.949034114694E-1,0.E0,-7.191030863014E-1));
#185=AXIS2_PLACEMENT_3D('',#182,#183,#184);
#187=CARTESIAN_POINT('',(-7.297926619566E0,1.95E0,1.597926619566E0));
#188=DIRECTION('',(0.E0,1.E0,0.E0));
#189=DIRECTION('',(0.E0,0.E0,1.E0));
#190=AXIS2_PLACEMENT_3D('',#187,#188,#189);
#192=CARTESIAN_POINT('',(-7.297926619566E0,1.95E0,1.597926619566E0));
#193=DIRECTION('',(0.E0,1.E0,0.E0));
#194=DIRECTION('',(-1.E0,0.E0,0.E0));
#195=AXIS2_PLACEMENT_3D('',#192,#193,#194);
#197=DIRECTION('',(0.E0,0.E0,1.E0));
#198=VECTOR('',#197,1.497926619566E0);
#199=CARTESIAN_POINT('',(-1.03E1,1.95E0,1.E-1));
#200=LINE('',#199,#198);
#201=DIRECTION('',(-1.E0,0.E0,0.E0));
#202=VECTOR('',#201,3.E-1);
#203=CARTESIAN_POINT('',(-1.E1,1.95E0,1.E-1));
#204=LINE('',#203,#202);
#205=CARTESIAN_POINT('',(-1.E1,1.95E0,5.E-2));
#206=DIRECTION('',(0.E0,-1.E0,0.E0));
#207=DIRECTION('',(-3.552713678800E-14,0.E0,-1.E0));
#208=AXIS2_PLACEMENT_3D('',#205,#206,#207);
#210=DIRECTION('',(0.E0,0.E0,1.E0));
#211=VECTOR('',#210,4.246323529412E-1);
#212=CARTESIAN_POINT('',(-1.E1,1.95E0,-9.824632352941E0));
#213=LINE('',#212,#211);
#214=DIRECTION('',(-7.915409284605E-1,0.E0,6.111161580026E-1));
#215=VECTOR('',#214,7.601211104148E0);
#216=CARTESIAN_POINT('',(-3.983330305198E0,1.95E0,-1.446985527907E1));
#217=LINE('',#216,#215);
#218=CARTESIAN_POINT('',(-4.35E0,1.95E0,-1.494477983615E1));
#219=DIRECTION('',(0.E0,-1.E0,0.E0));
#220=DIRECTION('',(8.709905730431E-1,0.E0,4.912997269184E-1));
#221=AXIS2_PLACEMENT_3D('',#218,#219,#220);
#223=CARTESIAN_POINT('',(4.35E0,1.95E0,-1.494477983615E1));
#224=DIRECTION('',(0.E0,-1.E0,0.E0));
#225=DIRECTION('',(-6.111161580026E-1,0.E0,7.915409284605E-1));
#226=AXIS2_PLACEMENT_3D('',#223,#224,#225);
#228=DIRECTION('',(-7.915409284605E-1,0.E0,-6.111161580026E-1));
#229=VECTOR('',#228,7.601211104148E0);
#230=CARTESIAN_POINT('',(1.E1,1.95E0,-9.824632352941E0));
#231=LINE('',#230,#229);
#232=DIRECTION('',(0.E0,0.E0,1.E0));
#233=VECTOR('',#232,1.05E0);
#234=CARTESIAN_POINT('',(2.E-1,1.95E0,-1.175E1));
#235=LINE('',#234,#233);
#236=DIRECTION('',(-1.E0,0.E0,0.E0));
#237=VECTOR('',#236,1.05E0);
#238=CARTESIAN_POINT('',(1.25E0,1.95E0,-1.175E1));
#239=LINE('',#238,#237);
#240=DIRECTION('',(0.E0,0.E0,1.E0));
#241=VECTOR('',#240,4.E-1);
#242=CARTESIAN_POINT('',(1.25E0,1.95E0,-1.215E1));
#243=LINE('',#242,#241);
#244=DIRECTION('',(1.E0,0.E0,0.E0));
#245=VECTOR('',#244,1.05E0);
#246=CARTESIAN_POINT('',(2.E-1,1.95E0,-1.215E1));
#247=LINE('',#246,#245);
#248=DIRECTION('',(0.E0,0.E0,1.E0));
#249=VECTOR('',#248,1.05E0);
#250=CARTESIAN_POINT('',(2.E-1,1.95E0,-1.32E1));
#251=LINE('',#250,#249);
#252=CARTESIAN_POINT('',(-5.5E0,1.95E0,-6.5E0));
#253=DIRECTION('',(0.E0,-1.E0,0.E0));
#254=DIRECTION('',(-5.209677419355E-1,0.E0,8.535763655717E-1));
#255=AXIS2_PLACEMENT_3D('',#252,#253,#254);
#257=CARTESIAN_POINT('',(-7.1025E0,1.95E0,3.875E-1));
#258=DIRECTION('',(0.E0,-1.E0,0.E0));
#259=DIRECTION('',(1.278976924368E-12,0.E0,1.E0));
#260=AXIS2_PLACEMENT_3D('',#257,#258,#259);
#262=CARTESIAN_POINT('',(-3.8975E0,1.95E0,3.875E-1));
#263=DIRECTION('',(0.E0,-1.E0,0.E0));
#264=DIRECTION('',(1.E0,0.E0,7.105427357601E-14));
#265=AXIS2_PLACEMENT_3D('',#262,#263,#264);
#267=CARTESIAN_POINT('',(-5.5E0,1.95E0,-6.5E0));
#268=DIRECTION('',(0.E0,-1.E0,0.E0));
#269=DIRECTION('',(0.E0,0.E0,-1.E0));
#270=AXIS2_PLACEMENT_3D('',#267,#268,#269);
#272=CARTESIAN_POINT('',(5.5E0,1.95E0,-6.5E0));
#273=DIRECTION('',(0.E0,-1.E0,0.E0));
#274=DIRECTION('',(-5.209677419355E-1,0.E0,8.535763655717E-1));
#275=AXIS2_PLACEMENT_3D('',#272,#273,#274);
#277=DIRECTION('',(0.E0,0.E0,-1.E0));
#278=VECTOR('',#277,4.241413266728E0);
#279=CARTESIAN_POINT('',(3.885E0,1.95E0,3.875E-1));
#280=LINE('',#279,#278);
#281=CARTESIAN_POINT('',(3.8975E0,1.95E0,3.875E-1));
#282=DIRECTION('',(0.E0,-1.E0,0.E0));
#283=DIRECTION('',(1.101341240428E-12,0.E0,1.E0));
#284=AXIS2_PLACEMENT_3D('',#281,#282,#283);
#286=CARTESIAN_POINT('',(7.1025E0,1.95E0,3.875E-1));
#287=DIRECTION('',(0.E0,-1.E0,0.E0));
#288=DIRECTION('',(1.E0,0.E0,7.105427357601E-14));
#289=AXIS2_PLACEMENT_3D('',#286,#287,#288);
#291=DIRECTION('',(0.E0,0.E0,1.E0));
#292=VECTOR('',#291,4.241413266728E0);
#293=CARTESIAN_POINT('',(7.115E0,1.95E0,-3.853913266728E0));
#294=LINE('',#293,#292);
#295=CARTESIAN_POINT('',(5.5E0,1.95E0,-6.5E0));
#296=DIRECTION('',(0.E0,-1.E0,0.E0));
#297=DIRECTION('',(0.E0,0.E0,-1.E0));
#298=AXIS2_PLACEMENT_3D('',#295,#296,#297);
#300=DIRECTION('',(0.E0,1.E0,0.E0));
#301=VECTOR('',#300,2.5E-1);
#302=CARTESIAN_POINT('',(1.E1,1.7E0,-9.824632352941E0));
#303=LINE('',#302,#301);
#304=DIRECTION('',(0.E0,0.E0,-1.E0));
#305=VECTOR('',#304,4.246323529412E-1);
#306=CARTESIAN_POINT('',(1.E1,1.7E0,-9.4E0));
#307=LINE('',#306,#305);
#308=DIRECTION('',(0.E0,-1.E0,0.E0));
#309=VECTOR('',#308,2.5E-1);
#310=CARTESIAN_POINT('',(1.E1,1.95E0,-9.4E0));
#311=LINE('',#310,#309);
#312=CARTESIAN_POINT('',(1.E1,1.4E0,-9.4E0));
#313=DIRECTION('',(0.E0,0.E0,1.E0));
#314=DIRECTION('',(1.E0,0.E0,0.E0));
#315=AXIS2_PLACEMENT_3D('',#312,#313,#314);
#317=DIRECTION('',(0.E0,1.E0,0.E0));
#318=VECTOR('',#317,3.05E0);
#319=CARTESIAN_POINT('',(1.03E1,-1.65E0,-9.4E0));
#320=LINE('',#319,#318);
#321=CARTESIAN_POINT('',(1.E1,1.4E0,-9.4E0));
#322=DIRECTION('',(0.E0,0.E0,-1.E0));
#323=DIRECTION('',(0.E0,1.E0,0.E0));
#324=AXIS2_PLACEMENT_3D('',#321,#322,#323);
#326=DIRECTION('',(0.E0,0.E0,1.E0));
#327=VECTOR('',#326,9.4E0);
#328=CARTESIAN_POINT('',(1.03E1,1.4E0,-9.4E0));
#329=LINE('',#328,#327);
#330=DIRECTION('',(0.E0,0.E0,-1.E0));
#331=VECTOR('',#330,9.4E0);
#332=CARTESIAN_POINT('',(1.E1,1.7E0,0.E0));
#333=LINE('',#332,#331);
#334=CARTESIAN_POINT('',(1.E1,1.4E0,0.E0));
#335=DIRECTION('',(0.E0,0.E0,1.E0));
#336=DIRECTION('',(1.E0,0.E0,0.E0));
#337=AXIS2_PLACEMENT_3D('',#334,#335,#336);
#339=DIRECTION('',(1.E0,0.E0,0.E0));
#340=VECTOR('',#339,2.5E-1);
#341=CARTESIAN_POINT('',(1.03E1,1.4E0,0.E0));
#342=LINE('',#341,#340);
#343=CARTESIAN_POINT('',(1.E1,1.4E0,0.E0));
#344=DIRECTION('',(0.E0,0.E0,-1.E0));
#345=DIRECTION('',(0.E0,1.E0,0.E0));
#346=AXIS2_PLACEMENT_3D('',#343,#344,#345);
#348=DIRECTION('',(0.E0,1.E0,0.E0));
#349=VECTOR('',#348,2.5E-1);
#350=CARTESIAN_POINT('',(1.E1,1.7E0,0.E0));
#351=LINE('',#350,#349);
#352=DIRECTION('',(0.E0,-1.E0,0.E0));
#353=VECTOR('',#352,2.5E-1);
#354=CARTESIAN_POINT('',(1.E1,1.95E0,1.E-1));
#355=LINE('',#354,#353);
#356=DIRECTION('',(-1.E0,0.E0,0.E0));
#357=VECTOR('',#356,3.E-1);
#358=CARTESIAN_POINT('',(1.03E1,1.7E0,1.E-1));
#359=LINE('',#358,#357);
#360=DIRECTION('',(0.E0,-1.E0,0.E0));
#361=VECTOR('',#360,2.5E-1);
#362=CARTESIAN_POINT('',(1.03E1,1.95E0,1.E-1));
#363=LINE('',#362,#361);
#364=DIRECTION('',(0.E0,0.E0,1.E0));
#365=VECTOR('',#364,1.497926619566E0);
#366=CARTESIAN_POINT('',(1.03E1,1.95E0,1.E-1));
#367=LINE('',#366,#365);
#368=DIRECTION('',(0.E0,-1.E0,0.E0));
#369=VECTOR('',#368,2.5E-1);
#370=CARTESIAN_POINT('',(7.297926619566E0,1.95E0,4.6E0));
#371=LINE('',#370,#369);
#372=DIRECTION('',(0.E0,1.E0,0.E0));
#373=VECTOR('',#372,2.5E-1);
#374=CARTESIAN_POINT('',(1.03E1,1.7E0,1.597926619566E0));
#375=LINE('',#374,#373);
#376=DIRECTION('',(0.E0,-1.E0,0.E0));
#377=VECTOR('',#376,2.5E-1);
#378=CARTESIAN_POINT('',(5.211775586020E0,1.95E0,3.756726852739E0));
#379=LINE('',#378,#377);
#380=DIRECTION('',(-3.552713678800E-14,-1.E0,2.309263891220E-14));
#381=VECTOR('',#380,2.5E-1);
#382=CARTESIAN_POINT('',(-5.211775586020E0,1.95E0,3.756726852739E0));
#383=LINE('',#382,#381);
#384=DIRECTION('',(0.E0,-1.E0,0.E0));
#385=VECTOR('',#384,2.5E-1);
#386=CARTESIAN_POINT('',(-7.297926619566E0,1.95E0,4.6E0));
#387=LINE('',#386,#385);
#388=DIRECTION('',(0.E0,-1.E0,0.E0));
#389=VECTOR('',#388,2.5E-1);
#390=CARTESIAN_POINT('',(-1.03E1,1.95E0,1.597926619566E0));
#391=LINE('',#390,#389);
#392=DIRECTION('',(0.E0,-1.E0,0.E0));
#393=VECTOR('',#392,2.5E-1);
#394=CARTESIAN_POINT('',(-1.03E1,1.95E0,1.E-1));
#395=LINE('',#394,#393);
#396=DIRECTION('',(0.E0,0.E0,1.E0));
#397=VECTOR('',#396,1.497926619566E0);
#398=CARTESIAN_POINT('',(-1.03E1,1.7E0,1.E-1));
#399=LINE('',#398,#397);
#400=DIRECTION('',(-1.E0,0.E0,0.E0));
#401=VECTOR('',#400,3.E-1);
#402=CARTESIAN_POINT('',(-1.E1,1.7E0,1.E-1));
#403=LINE('',#402,#401);
#404=DIRECTION('',(0.E0,1.E0,0.E0));
#405=VECTOR('',#404,2.5E-1);
#406=CARTESIAN_POINT('',(-1.E1,1.7E0,1.E-1));
#407=LINE('',#406,#405);
#408=DIRECTION('',(0.E0,-1.E0,0.E0));
#409=VECTOR('',#408,2.5E-1);
#410=CARTESIAN_POINT('',(-1.E1,1.95E0,0.E0));
#411=LINE('',#410,#409);
#412=CARTESIAN_POINT('',(-1.E1,1.4E0,0.E0));
#413=DIRECTION('',(0.E0,0.E0,-1.E0));
#414=DIRECTION('',(-1.E0,0.E0,0.E0));
#415=AXIS2_PLACEMENT_3D('',#412,#413,#414);
#417=CARTESIAN_POINT('',(-1.E1,1.4E0,0.E0));
#418=DIRECTION('',(0.E0,0.E0,1.E0));
#419=DIRECTION('',(0.E0,1.E0,0.E0));
#420=AXIS2_PLACEMENT_3D('',#417,#418,#419);
#422=DIRECTION('',(0.E0,0.E0,1.E0));
#423=VECTOR('',#422,9.4E0);
#424=CARTESIAN_POINT('',(-1.E1,1.7E0,-9.4E0));
#425=LINE('',#424,#423);
#426=DIRECTION('',(0.E0,0.E0,-1.E0));
#427=VECTOR('',#426,9.4E0);
#428=CARTESIAN_POINT('',(-1.03E1,1.4E0,0.E0));
#429=LINE('',#428,#427);
#430=CARTESIAN_POINT('',(-1.E1,1.4E0,-9.4E0));
#431=DIRECTION('',(0.E0,0.E0,1.E0));
#432=DIRECTION('',(0.E0,1.E0,0.E0));
#433=AXIS2_PLACEMENT_3D('',#430,#431,#432);
#435=DIRECTION('',(0.E0,-1.E0,0.E0));
#436=VECTOR('',#435,2.5E-1);
#437=CARTESIAN_POINT('',(-1.E1,1.95E0,-9.4E0));
#438=LINE('',#437,#436);
#439=CARTESIAN_POINT('',(-1.E1,1.4E0,-9.4E0));
#440=DIRECTION('',(0.E0,0.E0,-1.E0));
#441=DIRECTION('',(-1.E0,0.E0,0.E0));
#442=AXIS2_PLACEMENT_3D('',#439,#440,#441);
#444=DIRECTION('',(0.E0,1.E0,0.E0));
#445=VECTOR('',#444,3.05E0);
#446=CARTESIAN_POINT('',(-1.055E1,-1.65E0,-9.4E0));
#447=LINE('',#446,#445);
#448=DIRECTION('',(0.E0,0.E0,1.E0));
#449=VECTOR('',#448,4.246323529412E-1);
#450=CARTESIAN_POINT('',(-1.E1,1.7E0,-9.824632352941E0));
#451=LINE('',#450,#449);
#452=DIRECTION('',(0.E0,-1.E0,0.E0));
#453=VECTOR('',#452,2.5E-1);
#454=CARTESIAN_POINT('',(-1.E1,1.95E0,-9.824632352941E0));
#455=LINE('',#454,#453);
#456=DIRECTION('',(0.E0,-1.E0,0.E0));
#457=VECTOR('',#456,4.086115265590E-1);
#458=CARTESIAN_POINT('',(-3.75E0,1.864332691288E0,-1.494477983615E1));
#459=LINE('',#458,#457);
#460=DIRECTION('',(1.065814103640E-14,1.E0,0.E0));
#461=VECTOR('',#460,2.5E-1);
#462=CARTESIAN_POINT('',(-3.983330305198E0,1.7E0,-1.446985527907E1));
#463=LINE('',#462,#461);
#464=DIRECTION('',(1.E0,0.E0,0.E0));
#465=VECTOR('',#464,7.5E0);
#466=CARTESIAN_POINT('',(-3.75E0,1.4E0,-1.495E1));
#467=LINE('',#466,#465);
#468=CARTESIAN_POINT('',(-3.827405656174E0,1.7E0,-1.465E1));
#469=CARTESIAN_POINT('',(-3.812502087455E0,1.7E0,-1.467642148397E1));
#470=CARTESIAN_POINT('',(-3.788260867414E0,1.692886289928E0,-1.473040691386E1));
#471=CARTESIAN_POINT('',(-3.765011702794E0,1.660376112443E0,-1.480655813776E1));
#472=CARTESIAN_POINT('',(-3.753155936645E0,1.607674823185E0,-1.487181828847E1));
#473=CARTESIAN_POINT('',(-3.749812918182E0,1.538855691685E0,-1.492042496076E1));
#474=CARTESIAN_POINT('',(-3.75E0,1.484175608227E0,-1.493940119576E1));
#475=CARTESIAN_POINT('',(-3.75E0,1.455721164729E0,-1.494477983615E1));
#477=DIRECTION('',(-1.E0,0.E0,0.E0));
#478=VECTOR('',#477,7.654811312348E0);
#479=CARTESIAN_POINT('',(3.827405656174E0,1.7E0,-1.465E1));
#480=LINE('',#479,#478);
#481=DIRECTION('',(0.E0,1.E0,0.E0));
#482=VECTOR('',#481,2.75E0);
#483=CARTESIAN_POINT('',(3.75E0,-1.35E0,-1.495E1));
#484=LINE('',#483,#482);
#485=DIRECTION('',(-1.E0,0.E0,0.E0));
#486=VECTOR('',#485,7.5E0);
#487=CARTESIAN_POINT('',(3.75E0,-1.35E0,-1.495E1));
#488=LINE('',#487,#486);
#489=DIRECTION('',(0.E0,0.E0,1.E0));
#490=VECTOR('',#489,2.5E-1);
#491=CARTESIAN_POINT('',(3.75E0,-1.35E0,-1.52E1));
#492=LINE('',#491,#490);
#493=DIRECTION('',(0.E0,1.E0,0.E0));
#494=VECTOR('',#493,2.75E0);
#495=CARTESIAN_POINT('',(-3.75E0,-1.35E0,-1.52E1));
#496=LINE('',#495,#494);
#497=DIRECTION('',(-1.E0,0.E0,0.E0));
#498=VECTOR('',#497,7.5E0);
#499=CARTESIAN_POINT('',(3.75E0,-1.35E0,-1.52E1));
#500=LINE('',#499,#498);
#501=DIRECTION('',(1.E0,0.E0,0.E0));
#502=VECTOR('',#501,7.654811312348E0);
#503=CARTESIAN_POINT('',(-3.827405656174E0,1.95E0,-1.465E1));
#504=LINE('',#503,#502);
#505=CARTESIAN_POINT('',(-3.75E0,1.864332691288E0,-1.494477983615E1));
#506=CARTESIAN_POINT('',(-3.75E0,1.883628085721E0,-1.491438602583E1));
#507=CARTESIAN_POINT('',(-3.755144391581E0,1.915793067456E0,-1.485060796601E1));
#508=CARTESIAN_POINT('',(-3.780104492893E0,1.944325533529E0,-1.474883560521E1));
#509=CARTESIAN_POINT('',(-3.809211995534E0,1.95E0,-1.468225425547E1));
#510=CARTESIAN_POINT('',(-3.827405656174E0,1.95E0,-1.465E1));
#512=DIRECTION('',(-1.E0,0.E0,0.E0));
#513=VECTOR('',#512,7.5E0);
#514=CARTESIAN_POINT('',(3.75E0,1.4E0,-1.52E1));
#515=LINE('',#514,#513);
#516=CARTESIAN_POINT('',(-3.75E0,1.4E0,-1.465E1));
#517=DIRECTION('',(-1.E0,0.E0,0.E0));
#518=DIRECTION('',(0.E0,8.442412568873E-1,-5.359633384564E-1));
#519=AXIS2_PLACEMENT_3D('',#516,#517,#518);
#521=CARTESIAN_POINT('',(-3.75E0,1.4E0,-1.465E1));
#522=DIRECTION('',(1.E0,0.E0,0.E0));
#523=DIRECTION('',(0.E0,2.908784324518E-13,-1.E0));
#524=AXIS2_PLACEMENT_3D('',#521,#522,#523);
#526=DIRECTION('',(0.E0,0.E0,-1.E0));
#527=VECTOR('',#526,2.5E-1);
#528=CARTESIAN_POINT('',(-3.75E0,1.4E0,-1.495E1));
#529=LINE('',#528,#527);
#530=DIRECTION('',(0.E0,1.E0,0.E0));
#531=VECTOR('',#530,2.75E0);
#532=CARTESIAN_POINT('',(-3.75E0,-1.35E0,-1.495E1));
#533=LINE('',#532,#531);
#534=DIRECTION('',(0.E0,0.E0,1.E0));
#535=VECTOR('',#534,2.5E-1);
#536=CARTESIAN_POINT('',(-3.75E0,-1.35E0,-1.52E1));
#537=LINE('',#536,#535);
#538=CARTESIAN_POINT('',(3.75E0,1.4E0,-1.465E1));
#539=DIRECTION('',(1.E0,0.E0,0.E0));
#540=DIRECTION('',(0.E0,1.586609631555E-13,-1.E0));
#541=AXIS2_PLACEMENT_3D('',#538,#539,#540);
#543=DIRECTION('',(0.E0,0.E0,-1.E0));
#544=VECTOR('',#543,2.5E-1);
#545=CARTESIAN_POINT('',(3.75E0,1.4E0,-1.495E1));
#546=LINE('',#545,#544);
#547=CARTESIAN_POINT('',(3.75E0,1.4E0,-1.465E1));
#548=DIRECTION('',(-1.E0,0.E0,0.E0));
#549=DIRECTION('',(0.E0,1.857372157635E-1,-9.825994538368E-1));
#550=AXIS2_PLACEMENT_3D('',#547,#548,#549);
#552=DIRECTION('',(0.E0,1.E0,0.E0));
#553=VECTOR('',#552,2.75E0);
#554=CARTESIAN_POINT('',(3.75E0,-1.35E0,-1.52E1));
#555=LINE('',#554,#553);
#556=CARTESIAN_POINT('',(3.827405656174E0,1.7E0,-1.465E1));
#557=CARTESIAN_POINT('',(3.812771815373E0,1.7E0,-1.467594330240E1));
#558=CARTESIAN_POINT('',(3.788616255352E0,1.692708135384E0,-1.472765060709E1));
#559=CARTESIAN_POINT('',(3.765174742508E0,1.661719442428E0,-1.480393619555E1));
#560=CARTESIAN_POINT('',(3.753677626432E0,1.609546532586E0,-1.487033274858E1));
#561=CARTESIAN_POINT('',(3.750104980262E0,1.539505711885E0,-1.491969830407E1));
#562=CARTESIAN_POINT('',(3.75E0,1.485270359185E0,-1.493919425895E1));
#563=CARTESIAN_POINT('',(3.75E0,1.455721164729E0,-1.494477983615E1));
#565=DIRECTION('',(0.E0,-1.E0,0.E0));
#566=VECTOR('',#565,2.5E-1);
#567=CARTESIAN_POINT('',(3.983330305198E0,1.95E0,-1.446985527907E1));
#568=LINE('',#567,#566);
#569=CARTESIAN_POINT('',(3.75E0,1.864332691288E0,-1.494477983615E1));
#570=CARTESIAN_POINT('',(3.75E0,1.884202699751E0,-1.491348090259E1));
#571=CARTESIAN_POINT('',(3.754881365988E0,1.916170003178E0,-1.484832958849E1));
#572=CARTESIAN_POINT('',(3.780409818100E0,1.944119614974E0,-1.474646160633E1));
#573=CARTESIAN_POINT('',(3.809669181213E0,1.95E0,-1.468144374329E1));
#574=CARTESIAN_POINT('',(3.827405656174E0,1.95E0,-1.465E1));
#576=DIRECTION('',(0.E0,1.E0,0.E0));
#577=VECTOR('',#576,4.086115265590E-1);
#578=CARTESIAN_POINT('',(3.75E0,1.455721164729E0,-1.494477983615E1));
#579=LINE('',#578,#577);
#580=DIRECTION('',(0.E0,0.E0,1.E0));
#581=VECTOR('',#580,9.4E0);
#582=CARTESIAN_POINT('',(-1.055E1,1.4E0,-9.4E0));
#583=LINE('',#582,#581);
#584=DIRECTION('',(0.E0,0.E0,-1.E0));
#585=VECTOR('',#584,9.4E0);
#586=CARTESIAN_POINT('',(-1.E1,1.95E0,0.E0));
#587=LINE('',#586,#585);
#588=DIRECTION('',(0.E0,1.E0,0.E0));
#589=VECTOR('',#588,3.05E0);
#590=CARTESIAN_POINT('',(-1.055E1,-1.65E0,0.E0));
#591=LINE('',#590,#589);
#592=CARTESIAN_POINT('',(-1.055E1,-1.65E0,-3.E-1));
#593=DIRECTION('',(-1.E0,0.E0,0.E0));
#594=DIRECTION('',(0.E0,-1.E0,0.E0));
#595=AXIS2_PLACEMENT_3D('',#592,#593,#594);
#597=CARTESIAN_POINT('',(-1.055E1,-1.1E0,-2.15E0));
#598=DIRECTION('',(1.E0,0.E0,0.E0));
#599=DIRECTION('',(0.E0,0.E0,-1.E0));
#600=AXIS2_PLACEMENT_3D('',#597,#598,#599);
#602=CARTESIAN_POINT('',(-1.055E1,-1.1E0,-7.35E0));
#603=DIRECTION('',(1.E0,0.E0,0.E0));
#604=DIRECTION('',(0.E0,0.E0,-1.E0));
#605=AXIS2_PLACEMENT_3D('',#602,#603,#604);
#607=CARTESIAN_POINT('',(-1.055E1,-1.65E0,-9.1E0));
#608=DIRECTION('',(-1.E0,0.E0,0.E0));
#609=DIRECTION('',(0.E0,0.E0,-1.E0));
#610=AXIS2_PLACEMENT_3D('',#607,#608,#609);
#612=DIRECTION('',(0.E0,1.E0,0.E0));
#613=VECTOR('',#612,3.05E0);
#614=CARTESIAN_POINT('',(-1.03E1,-1.65E0,0.E0));
#615=LINE('',#614,#613);
#616=DIRECTION('',(-1.E0,0.E0,0.E0));
#617=VECTOR('',#616,2.5E-1);
#618=CARTESIAN_POINT('',(-1.03E1,1.4E0,0.E0));
#619=LINE('',#618,#617);
#620=DIRECTION('',(0.E0,0.E0,-1.E0));
#621=VECTOR('',#620,1.8E0);
#622=CARTESIAN_POINT('',(-1.03E1,-1.95E0,-3.E-1));
#623=LINE('',#622,#621);
#624=CARTESIAN_POINT('',(-1.03E1,-1.65E0,-3.E-1));
#625=DIRECTION('',(1.E0,0.E0,0.E0));
#626=DIRECTION('',(0.E0,0.E0,1.E0));
#627=AXIS2_PLACEMENT_3D('',#624,#625,#626);
#629=DIRECTION('',(0.E0,1.E0,0.E0));
#630=VECTOR('',#629,3.05E0);
#631=CARTESIAN_POINT('',(-1.03E1,-1.65E0,-9.4E0));
#632=LINE('',#631,#630);
#633=CARTESIAN_POINT('',(-1.03E1,-1.65E0,-9.1E0));
#634=DIRECTION('',(1.E0,0.E0,0.E0));
#635=DIRECTION('',(0.E0,-1.E0,0.E0));
#636=AXIS2_PLACEMENT_3D('',#633,#634,#635);
#638=DIRECTION('',(0.E0,0.E0,-1.E0));
#639=VECTOR('',#638,1.7E0);
#640=CARTESIAN_POINT('',(-1.03E1,-1.95E0,-7.4E0));
#641=LINE('',#640,#639);
#642=CARTESIAN_POINT('',(-1.03E1,-1.1E0,-7.35E0));
#643=DIRECTION('',(-1.E0,0.E0,0.E0));
#644=DIRECTION('',(0.E0,0.E0,1.E0));
#645=AXIS2_PLACEMENT_3D('',#642,#643,#644);
#647=CARTESIAN_POINT('',(-1.03E1,-1.1E0,-2.15E0));
#648=DIRECTION('',(-1.E0,0.E0,0.E0));
#649=DIRECTION('',(0.E0,0.E0,1.E0));
#650=AXIS2_PLACEMENT_3D('',#647,#648,#649);
#652=DIRECTION('',(0.E0,0.E0,-1.E0));
#653=VECTOR('',#652,1.8E0);
#654=CARTESIAN_POINT('',(-1.055E1,-1.95E0,-3.E-1));
#655=LINE('',#654,#653);
#656=DIRECTION('',(1.E0,0.E0,0.E0));
#657=VECTOR('',#656,2.5E-1);
#658=CARTESIAN_POINT('',(-1.055E1,-1.95E0,-2.1E0));
#659=LINE('',#658,#657);
#660=DIRECTION('',(1.E0,0.E0,0.E0));
#661=VECTOR('',#660,2.5E-1);
#662=CARTESIAN_POINT('',(-1.055E1,-1.95E0,-3.E-1));
#663=LINE('',#662,#661);
#664=DIRECTION('',(-1.E0,0.E0,0.E0));
#665=VECTOR('',#664,2.5E-1);
#666=CARTESIAN_POINT('',(-1.03E1,-1.65E0,0.E0));
#667=LINE('',#666,#665);
#668=DIRECTION('',(0.E0,-1.E0,0.E0));
#669=VECTOR('',#668,8.5E-1);
#670=CARTESIAN_POINT('',(-1.03E1,-1.1E0,-2.1E0));
#671=LINE('',#670,#669);
#672=DIRECTION('',(0.E0,1.E0,0.E0));
#673=VECTOR('',#672,8.5E-1);
#674=CARTESIAN_POINT('',(-1.055E1,-1.95E0,-2.1E0));
#675=LINE('',#674,#673);
#676=DIRECTION('',(1.E0,0.E0,0.E0));
#677=VECTOR('',#676,2.5E-1);
#678=CARTESIAN_POINT('',(-1.055E1,-1.1E0,-2.2E0));
#679=LINE('',#678,#677);
#680=DIRECTION('',(-1.E0,0.E0,0.E0));
#681=VECTOR('',#680,2.5E-1);
#682=CARTESIAN_POINT('',(-1.03E1,-1.1E0,-2.1E0));
#683=LINE('',#682,#681);
#684=DIRECTION('',(0.E0,-1.E0,0.E0));
#685=VECTOR('',#684,3.E-1);
#686=CARTESIAN_POINT('',(-1.055E1,-1.1E0,-2.2E0));
#687=LINE('',#686,#685);
#688=DIRECTION('',(0.E0,1.E0,0.E0));
#689=VECTOR('',#688,3.E-1);
#690=CARTESIAN_POINT('',(-1.03E1,-1.4E0,-2.2E0));
#691=LINE('',#690,#689);
#692=CARTESIAN_POINT('',(-1.085E1,-1.4E0,-2.2E0));
#693=DIRECTION('',(0.E0,0.E0,-1.E0));
#694=DIRECTION('',(1.E0,0.E0,0.E0));
#695=AXIS2_PLACEMENT_3D('',#692,#693,#694);
#697=DIRECTION('',(-1.E0,0.E0,0.E0));
#698=VECTOR('',#697,2.5E-1);
#699=CARTESIAN_POINT('',(-1.03E1,-1.4E0,-2.2E0));
#700=LINE('',#699,#698);
#701=CARTESIAN_POINT('',(-1.085E1,-1.4E0,-2.2E0));
#702=DIRECTION('',(0.E0,0.E0,1.E0));
#703=DIRECTION('',(0.E0,-1.E0,0.E0));
#704=AXIS2_PLACEMENT_3D('',#701,#702,#703);
#706=DIRECTION('',(0.E0,1.E0,0.E0));
#707=VECTOR('',#706,2.5E-1);
#708=CARTESIAN_POINT('',(-1.085E1,-1.95E0,-2.2E0));
#709=LINE('',#708,#707);
#710=DIRECTION('',(0.E0,-1.E0,0.E0));
#711=VECTOR('',#710,2.5E-1);
#712=CARTESIAN_POINT('',(-1.525E1,-1.7E0,-2.2E0));
#713=LINE('',#712,#711);
#714=DIRECTION('',(-1.E0,0.E0,0.E0));
#715=VECTOR('',#714,4.4E0);
#716=CARTESIAN_POINT('',(-1.085E1,-1.7E0,-2.2E0));
#717=LINE('',#716,#715);
#718=DIRECTION('',(1.E0,0.E0,0.E0));
#719=VECTOR('',#718,4.4E0);
#720=CARTESIAN_POINT('',(-1.525E1,-1.95E0,-7.3E0));
#721=LINE('',#720,#719);
#722=DIRECTION('',(0.E0,0.E0,-1.E0));
#723=VECTOR('',#722,5.1E0);
#724=CARTESIAN_POINT('',(-1.525E1,-1.95E0,-2.2E0));
#725=LINE('',#724,#723);
#726=DIRECTION('',(-1.E0,0.E0,0.E0));
#727=VECTOR('',#726,4.4E0);
#728=CARTESIAN_POINT('',(-1.085E1,-1.95E0,-2.2E0));
#729=LINE('',#728,#727);
#730=CARTESIAN_POINT('',(-1.3E1,-1.95E0,-4.75E0));
#731=DIRECTION('',(0.E0,1.E0,0.E0));
#732=DIRECTION('',(-1.E0,0.E0,0.E0));
#733=AXIS2_PLACEMENT_3D('',#730,#731,#732);
#735=CARTESIAN_POINT('',(-1.3E1,-1.95E0,-4.75E0));
#736=DIRECTION('',(0.E0,1.E0,0.E0));
#737=DIRECTION('',(1.E0,0.E0,0.E0));
#738=AXIS2_PLACEMENT_3D('',#735,#736,#737);
#740=DIRECTION('',(0.E0,0.E0,1.E0));
#741=VECTOR('',#740,5.1E0);
#742=CARTESIAN_POINT('',(-1.03E1,-1.4E0,-7.3E0));
#743=LINE('',#742,#741);
#744=DIRECTION('',(0.E0,0.E0,-1.E0));
#745=VECTOR('',#744,5.1E0);
#746=CARTESIAN_POINT('',(-1.085E1,-1.95E0,-2.2E0));
#747=LINE('',#746,#745);
#748=CARTESIAN_POINT('',(-1.085E1,-1.4E0,-7.3E0));
#749=DIRECTION('',(0.E0,0.E0,1.E0));
#750=DIRECTION('',(0.E0,-1.E0,0.E0));
#751=AXIS2_PLACEMENT_3D('',#748,#749,#750);
#753=DIRECTION('',(0.E0,1.E0,0.E0));
#754=VECTOR('',#753,2.5E-1);
#755=CARTESIAN_POINT('',(-1.085E1,-1.95E0,-7.3E0));
#756=LINE('',#755,#754);
#757=CARTESIAN_POINT('',(-1.085E1,-1.4E0,-7.3E0));
#758=DIRECTION('',(0.E0,0.E0,-1.E0));
#759=DIRECTION('',(1.E0,0.E0,0.E0));
#760=AXIS2_PLACEMENT_3D('',#757,#758,#759);
#762=DIRECTION('',(0.E0,0.E0,-1.E0));
#763=VECTOR('',#762,5.1E0);
#764=CARTESIAN_POINT('',(-1.055E1,-1.4E0,-2.2E0));
#765=LINE('',#764,#763);
#766=DIRECTION('',(0.E0,0.E0,1.E0));
#767=VECTOR('',#766,5.1E0);
#768=CARTESIAN_POINT('',(-1.085E1,-1.7E0,-7.3E0));
#769=LINE('',#768,#767);
#770=CARTESIAN_POINT('',(-1.3E1,-1.7E0,-4.75E0));
#771=DIRECTION('',(0.E0,-1.E0,0.E0));
#772=DIRECTION('',(1.E0,0.E0,0.E0));
#773=AXIS2_PLACEMENT_3D('',#770,#771,#772);
#775=CARTESIAN_POINT('',(-1.3E1,-1.7E0,-4.75E0));
#776=DIRECTION('',(0.E0,-1.E0,0.E0));
#777=DIRECTION('',(-1.E0,0.E0,0.E0));
#778=AXIS2_PLACEMENT_3D('',#775,#776,#777);
#780=DIRECTION('',(1.E0,0.E0,0.E0));
#781=VECTOR('',#780,4.4E0);
#782=CARTESIAN_POINT('',(-1.525E1,-1.7E0,-7.3E0));
#783=LINE('',#782,#781);
#784=DIRECTION('',(0.E0,0.E0,-1.E0));
#785=VECTOR('',#784,5.1E0);
#786=CARTESIAN_POINT('',(-1.525E1,-1.7E0,-2.2E0));
#787=LINE('',#786,#785);
#788=DIRECTION('',(0.E0,-1.E0,0.E0));
#789=VECTOR('',#788,2.5E-1);
#790=CARTESIAN_POINT('',(-1.525E1,-1.7E0,-7.3E0));
#791=LINE('',#790,#789);
#792=DIRECTION('',(0.E0,-1.E0,0.E0));
#793=VECTOR('',#792,2.5E-1);
#794=CARTESIAN_POINT('',(-1.18E1,-1.7E0,-4.75E0));
#795=LINE('',#794,#793);
#796=DIRECTION('',(0.E0,-1.E0,0.E0));
#797=VECTOR('',#796,2.5E-1);
#798=CARTESIAN_POINT('',(-1.42E1,-1.7E0,-4.75E0));
#799=LINE('',#798,#797);
#800=DIRECTION('',(-1.E0,0.E0,0.E0));
#801=VECTOR('',#800,2.5E-1);
#802=CARTESIAN_POINT('',(-1.03E1,-1.4E0,-7.3E0));
#803=LINE('',#802,#801);
#804=DIRECTION('',(0.E0,-1.E0,0.E0));
#805=VECTOR('',#804,3.E-1);
#806=CARTESIAN_POINT('',(-1.03E1,-1.1E0,-7.3E0));
#807=LINE('',#806,#805);
#808=DIRECTION('',(0.E0,1.E0,0.E0));
#809=VECTOR('',#808,3.E-1);
#810=CARTESIAN_POINT('',(-1.055E1,-1.4E0,-7.3E0));
#811=LINE('',#810,#809);
#812=DIRECTION('',(1.E0,0.E0,0.E0));
#813=VECTOR('',#812,2.5E-1);
#814=CARTESIAN_POINT('',(-1.055E1,-1.1E0,-7.4E0));
#815=LINE('',#814,#813);
#816=DIRECTION('',(-1.E0,0.E0,0.E0));
#817=VECTOR('',#816,2.5E-1);
#818=CARTESIAN_POINT('',(-1.03E1,-1.1E0,-7.3E0));
#819=LINE('',#818,#817);
#820=DIRECTION('',(0.E0,1.E0,0.E0));
#821=VECTOR('',#820,8.5E-1);
#822=CARTESIAN_POINT('',(-1.03E1,-1.95E0,-7.4E0));
#823=LINE('',#822,#821);
#824=DIRECTION('',(1.E0,0.E0,0.E0));
#825=VECTOR('',#824,2.5E-1);
#826=CARTESIAN_POINT('',(-1.055E1,-1.95E0,-7.4E0));
#827=LINE('',#826,#825);
#828=DIRECTION('',(0.E0,-1.E0,0.E0));
#829=VECTOR('',#828,8.5E-1);
#830=CARTESIAN_POINT('',(-1.055E1,-1.1E0,-7.4E0));
#831=LINE('',#830,#829);
#832=DIRECTION('',(0.E0,0.E0,-1.E0));
#833=VECTOR('',#832,1.7E0);
#834=CARTESIAN_POINT('',(-1.055E1,-1.95E0,-7.4E0));
#835=LINE('',#834,#833);
#836=DIRECTION('',(1.E0,0.E0,0.E0));
#837=VECTOR('',#836,2.5E-1);
#838=CARTESIAN_POINT('',(-1.055E1,-1.65E0,-9.4E0));
#839=LINE('',#838,#837);
#840=DIRECTION('',(-1.E0,0.E0,0.E0));
#841=VECTOR('',#840,2.5E-1);
#842=CARTESIAN_POINT('',(-1.03E1,-1.95E0,-9.1E0));
#843=LINE('',#842,#841);
#844=DIRECTION('',(0.E0,0.E0,1.E0));
#845=VECTOR('',#844,9.4E0);
#846=CARTESIAN_POINT('',(1.E1,1.95E0,-9.4E0));
#847=LINE('',#846,#845);
#848=DIRECTION('',(0.E0,0.E0,-1.E0));
#849=VECTOR('',#848,9.4E0);
#850=CARTESIAN_POINT('',(1.055E1,1.4E0,0.E0));
#851=LINE('',#850,#849);
#852=DIRECTION('',(0.E0,1.E0,0.E0));
#853=VECTOR('',#852,3.05E0);
#854=CARTESIAN_POINT('',(1.055E1,-1.65E0,-9.4E0));
#855=LINE('',#854,#853);
#856=CARTESIAN_POINT('',(1.055E1,-1.65E0,-9.1E0));
#857=DIRECTION('',(1.E0,0.E0,0.E0));
#858=DIRECTION('',(0.E0,-1.E0,0.E0));
#859=AXIS2_PLACEMENT_3D('',#856,#857,#858);
#861=DIRECTION('',(0.E0,0.E0,-1.E0));
#862=VECTOR('',#861,1.7E0);
#863=CARTESIAN_POINT('',(1.055E1,-1.95E0,-7.4E0));
#864=LINE('',#863,#862);
#865=DIRECTION('',(0.E0,-1.E0,0.E0));
#866=VECTOR('',#865,8.5E-1);
#867=CARTESIAN_POINT('',(1.055E1,-1.1E0,-7.4E0));
#868=LINE('',#867,#866);
#869=CARTESIAN_POINT('',(1.055E1,-1.1E0,-7.35E0));
#870=DIRECTION('',(-1.E0,0.E0,0.E0));
#871=DIRECTION('',(0.E0,0.E0,1.E0));
#872=AXIS2_PLACEMENT_3D('',#869,#870,#871);
#874=DIRECTION('',(0.E0,1.E0,0.E0));
#875=VECTOR('',#874,3.E-1);
#876=CARTESIAN_POINT('',(1.055E1,-1.4E0,-7.3E0));
#877=LINE('',#876,#875);
#878=DIRECTION('',(0.E0,-1.E0,0.E0));
#879=VECTOR('',#878,3.E-1);
#880=CARTESIAN_POINT('',(1.055E1,-1.1E0,-2.2E0));
#881=LINE('',#880,#879);
#882=CARTESIAN_POINT('',(1.055E1,-1.1E0,-2.15E0));
#883=DIRECTION('',(-1.E0,0.E0,0.E0));
#884=DIRECTION('',(0.E0,0.E0,1.E0));
#885=AXIS2_PLACEMENT_3D('',#882,#883,#884);
#887=DIRECTION('',(0.E0,1.E0,0.E0));
#888=VECTOR('',#887,8.5E-1);
#889=CARTESIAN_POINT('',(1.055E1,-1.95E0,-2.1E0));
#890=LINE('',#889,#888);
#891=DIRECTION('',(0.E0,0.E0,-1.E0));
#892=VECTOR('',#891,1.8E0);
#893=CARTESIAN_POINT('',(1.055E1,-1.95E0,-3.E-1));
#894=LINE('',#893,#892);
#895=CARTESIAN_POINT('',(1.055E1,-1.65E0,-3.E-1));
#896=DIRECTION('',(1.E0,0.E0,0.E0));
#897=DIRECTION('',(0.E0,0.E0,1.E0));
#898=AXIS2_PLACEMENT_3D('',#895,#896,#897);
#900=DIRECTION('',(0.E0,1.E0,0.E0));
#901=VECTOR('',#900,3.05E0);
#902=CARTESIAN_POINT('',(1.055E1,-1.65E0,0.E0));
#903=LINE('',#902,#901);
#904=DIRECTION('',(0.E0,-1.E0,0.E0));
#905=VECTOR('',#904,8.5E-1);
#906=CARTESIAN_POINT('',(1.03E1,-1.1E0,-2.1E0));
#907=LINE('',#906,#905);
#908=CARTESIAN_POINT('',(1.03E1,-1.1E0,-2.15E0));
#909=DIRECTION('',(1.E0,0.E0,0.E0));
#910=DIRECTION('',(0.E0,0.E0,-1.E0));
#911=AXIS2_PLACEMENT_3D('',#908,#909,#910);
#913=DIRECTION('',(0.E0,1.E0,0.E0));
#914=VECTOR('',#913,3.E-1);
#915=CARTESIAN_POINT('',(1.03E1,-1.4E0,-2.2E0));
#916=LINE('',#915,#914);
#917=DIRECTION('',(0.E0,-1.E0,0.E0));
#918=VECTOR('',#917,3.E-1);
#919=CARTESIAN_POINT('',(1.03E1,-1.1E0,-7.3E0));
#920=LINE('',#919,#918);
#921=CARTESIAN_POINT('',(1.03E1,-1.1E0,-7.35E0));
#922=DIRECTION('',(1.E0,0.E0,0.E0));
#923=DIRECTION('',(0.E0,0.E0,-1.E0));
#924=AXIS2_PLACEMENT_3D('',#921,#922,#923);
#926=DIRECTION('',(0.E0,1.E0,0.E0));
#927=VECTOR('',#926,8.5E-1);
#928=CARTESIAN_POINT('',(1.03E1,-1.95E0,-7.4E0));
#929=LINE('',#928,#927);
#930=CARTESIAN_POINT('',(1.03E1,-1.65E0,-9.1E0));
#931=DIRECTION('',(-1.E0,0.E0,0.E0));
#932=DIRECTION('',(0.E0,0.E0,-1.E0));
#933=AXIS2_PLACEMENT_3D('',#930,#931,#932);
#935=DIRECTION('',(0.E0,1.E0,0.E0));
#936=VECTOR('',#935,3.05E0);
#937=CARTESIAN_POINT('',(1.03E1,-1.65E0,0.E0));
#938=LINE('',#937,#936);
#939=CARTESIAN_POINT('',(1.03E1,-1.65E0,-3.E-1));
#940=DIRECTION('',(-1.E0,0.E0,0.E0));
#941=DIRECTION('',(0.E0,-1.E0,0.E0));
#942=AXIS2_PLACEMENT_3D('',#939,#940,#941);
#944=DIRECTION('',(0.E0,0.E0,-1.E0));
#945=VECTOR('',#944,1.8E0);
#946=CARTESIAN_POINT('',(1.03E1,-1.95E0,-3.E-1));
#947=LINE('',#946,#945);
#948=DIRECTION('',(-1.E0,0.E0,0.E0));
#949=VECTOR('',#948,2.5E-1);
#950=CARTESIAN_POINT('',(1.055E1,-1.95E0,-2.1E0));
#951=LINE('',#950,#949);
#952=DIRECTION('',(-1.E0,0.E0,0.E0));
#953=VECTOR('',#952,2.5E-1);
#954=CARTESIAN_POINT('',(1.055E1,-1.1E0,-2.1E0));
#955=LINE('',#954,#953);
#956=DIRECTION('',(1.E0,0.E0,0.E0));
#957=VECTOR('',#956,2.5E-1);
#958=CARTESIAN_POINT('',(1.03E1,-1.1E0,-2.2E0));
#959=LINE('',#958,#957);
#960=DIRECTION('',(1.E0,0.E0,0.E0));
#961=VECTOR('',#960,2.5E-1);
#962=CARTESIAN_POINT('',(1.03E1,-1.4E0,-2.2E0));
#963=LINE('',#962,#961);
#964=DIRECTION('',(0.E0,1.E0,0.E0));
#965=VECTOR('',#964,2.5E-1);
#966=CARTESIAN_POINT('',(1.085E1,-1.95E0,-2.2E0));
#967=LINE('',#966,#965);
#968=CARTESIAN_POINT('',(1.085E1,-1.4E0,-2.2E0));
#969=DIRECTION('',(0.E0,0.E0,1.E0));
#970=DIRECTION('',(-1.E0,0.E0,0.E0));
#971=AXIS2_PLACEMENT_3D('',#968,#969,#970);
#973=CARTESIAN_POINT('',(1.085E1,-1.4E0,-2.2E0));
#974=DIRECTION('',(0.E0,0.E0,-1.E0));
#975=DIRECTION('',(-1.184237892934E-14,-1.E0,0.E0));
#976=AXIS2_PLACEMENT_3D('',#973,#974,#975);
#978=DIRECTION('',(1.E0,0.E0,0.E0));
#979=VECTOR('',#978,4.4E0);
#980=CARTESIAN_POINT('',(1.085E1,-1.95E0,-2.2E0));
#981=LINE('',#980,#979);
#982=DIRECTION('',(-1.E0,0.E0,0.E0));
#983=VECTOR('',#982,4.4E0);
#984=CARTESIAN_POINT('',(1.525E1,-1.7E0,-7.3E0));
#985=LINE('',#984,#983);
#986=DIRECTION('',(0.E0,0.E0,-1.E0));
#987=VECTOR('',#986,5.1E0);
#988=CARTESIAN_POINT('',(1.525E1,-1.7E0,-2.2E0));
#989=LINE('',#988,#987);
#990=DIRECTION('',(1.E0,0.E0,0.E0));
#991=VECTOR('',#990,4.4E0);
#992=CARTESIAN_POINT('',(1.085E1,-1.7E0,-2.2E0));
#993=LINE('',#992,#991);
#994=CARTESIAN_POINT('',(1.3E1,-1.7E0,-4.75E0));
#995=DIRECTION('',(0.E0,-1.E0,0.E0));
#996=DIRECTION('',(1.E0,0.E0,0.E0));
#997=AXIS2_PLACEMENT_3D('',#994,#995,#996);
#999=CARTESIAN_POINT('',(1.3E1,-1.7E0,-4.75E0));
#1000=DIRECTION('',(0.E0,-1.E0,0.E0));
#1001=DIRECTION('',(-1.E0,0.E0,0.E0));
#1002=AXIS2_PLACEMENT_3D('',#999,#1000,#1001);
#1004=DIRECTION('',(0.E0,1.E0,0.E0));
#1005=VECTOR('',#1004,2.5E-1);
#1006=CARTESIAN_POINT('',(1.085E1,-1.95E0,-7.3E0));
#1007=LINE('',#1006,#1005);
#1008=DIRECTION('',(-1.E0,0.E0,0.E0));
#1009=VECTOR('',#1008,4.4E0);
#1010=CARTESIAN_POINT('',(1.525E1,-1.95E0,-7.3E0));
#1011=LINE('',#1010,#1009);
#1012=DIRECTION('',(0.E0,-1.E0,0.E0));
#1013=VECTOR('',#1012,2.5E-1);
#1014=CARTESIAN_POINT('',(1.525E1,-1.7E0,-7.3E0));
#1015=LINE('',#1014,#1013);
#1016=CARTESIAN_POINT('',(1.085E1,-1.4E0,-7.3E0));
#1017=DIRECTION('',(0.E0,0.E0,1.E0));
#1018=DIRECTION('',(-1.E0,0.E0,0.E0));
#1019=AXIS2_PLACEMENT_3D('',#1016,#1017,#1018);
#1021=DIRECTION('',(1.E0,0.E0,0.E0));
#1022=VECTOR('',#1021,2.5E-1);
#1023=CARTESIAN_POINT('',(1.03E1,-1.4E0,-7.3E0));
#1024=LINE('',#1023,#1022);
#1025=CARTESIAN_POINT('',(1.085E1,-1.4E0,-7.3E0));
#1026=DIRECTION('',(0.E0,0.E0,-1.E0));
#1027=DIRECTION('',(0.E0,-1.E0,0.E0));
#1028=AXIS2_PLACEMENT_3D('',#1025,#1026,#1027);
#1030=DIRECTION('',(0.E0,0.E0,1.E0));
#1031=VECTOR('',#1030,5.1E0);
#1032=CARTESIAN_POINT('',(1.055E1,-1.4E0,-7.3E0));
#1033=LINE('',#1032,#1031);
#1034=DIRECTION('',(0.E0,0.E0,-1.E0));
#1035=VECTOR('',#1034,5.1E0);
#1036=CARTESIAN_POINT('',(1.085E1,-1.7E0,-2.2E0));
#1037=LINE('',#1036,#1035);
#1038=DIRECTION('',(-1.E0,0.E0,0.E0));
#1039=VECTOR('',#1038,2.5E-1);
#1040=CARTESIAN_POINT('',(1.055E1,-1.1E0,-7.3E0));
#1041=LINE('',#1040,#1039);
#1042=DIRECTION('',(1.E0,0.E0,0.E0));
#1043=VECTOR('',#1042,2.5E-1);
#1044=CARTESIAN_POINT('',(1.03E1,-1.1E0,-7.4E0));
#1045=LINE('',#1044,#1043);
#1046=DIRECTION('',(0.E0,0.E0,-1.E0));
#1047=VECTOR('',#1046,1.7E0);
#1048=CARTESIAN_POINT('',(1.03E1,-1.95E0,-7.4E0));
#1049=LINE('',#1048,#1047);
#1050=DIRECTION('',(-1.E0,0.E0,0.E0));
#1051=VECTOR('',#1050,2.5E-1);
#1052=CARTESIAN_POINT('',(1.055E1,-1.95E0,-7.4E0));
#1053=LINE('',#1052,#1051);
#1054=DIRECTION('',(-1.E0,0.E0,0.E0));
#1055=VECTOR('',#1054,2.5E-1);
#1056=CARTESIAN_POINT('',(1.055E1,-1.95E0,-9.1E0));
#1057=LINE('',#1056,#1055);
#1058=DIRECTION('',(1.E0,0.E0,0.E0));
#1059=VECTOR('',#1058,2.5E-1);
#1060=CARTESIAN_POINT('',(1.03E1,-1.65E0,-9.4E0));
#1061=LINE('',#1060,#1059);
#1062=DIRECTION('',(0.E0,0.E0,-1.E0));
#1063=VECTOR('',#1062,5.1E0);
#1064=CARTESIAN_POINT('',(1.03E1,-1.4E0,-2.2E0));
#1065=LINE('',#1064,#1063);
#1066=DIRECTION('',(0.E0,0.E0,1.E0));
#1067=VECTOR('',#1066,5.1E0);
#1068=CARTESIAN_POINT('',(1.085E1,-1.95E0,-7.3E0));
#1069=LINE('',#1068,#1067);
#1070=CARTESIAN_POINT('',(1.3E1,-1.95E0,-4.75E0));
#1071=DIRECTION('',(0.E0,1.E0,0.E0));
#1072=DIRECTION('',(-1.E0,0.E0,0.E0));
#1073=AXIS2_PLACEMENT_3D('',#1070,#1071,#1072);
#1075=CARTESIAN_POINT('',(1.3E1,-1.95E0,-4.75E0));
#1076=DIRECTION('',(0.E0,1.E0,0.E0));
#1077=DIRECTION('',(1.E0,0.E0,0.E0));
#1078=AXIS2_PLACEMENT_3D('',#1075,#1076,#1077);
#1080=DIRECTION('',(0.E0,0.E0,-1.E0));
#1081=VECTOR('',#1080,5.1E0);
#1082=CARTESIAN_POINT('',(1.525E1,-1.95E0,-2.2E0));
#1083=LINE('',#1082,#1081);
#1084=DIRECTION('',(0.E0,-1.E0,0.E0));
#1085=VECTOR('',#1084,2.5E-1);
#1086=CARTESIAN_POINT('',(1.525E1,-1.7E0,-2.2E0));
#1087=LINE('',#1086,#1085);
#1088=DIRECTION('',(0.E0,-1.E0,0.E0));
#1089=VECTOR('',#1088,2.5E-1);
#1090=CARTESIAN_POINT('',(1.42E1,-1.7E0,-4.75E0));
#1091=LINE('',#1090,#1089);
#1092=DIRECTION('',(0.E0,-1.E0,0.E0));
#1093=VECTOR('',#1092,2.5E-1);
#1094=CARTESIAN_POINT('',(1.18E1,-1.7E0,-4.75E0));
#1095=LINE('',#1094,#1093);
#1096=DIRECTION('',(-1.E0,0.E0,0.E0));
#1097=VECTOR('',#1096,2.5E-1);
#1098=CARTESIAN_POINT('',(1.055E1,-1.65E0,0.E0));
#1099=LINE('',#1098,#1097);
#1100=DIRECTION('',(1.E0,0.E0,0.E0));
#1101=VECTOR('',#1100,2.5E-1);
#1102=CARTESIAN_POINT('',(1.03E1,-1.95E0,-3.E-1));
#1103=LINE('',#1102,#1101);
#1104=DIRECTION('',(1.E0,0.E0,0.E0));
#1105=VECTOR('',#1104,4.E-1);
#1106=CARTESIAN_POINT('',(-2.E-1,1.95E0,-1.07E1));
#1107=LINE('',#1106,#1105);
#1108=DIRECTION('',(0.E0,-1.E0,-3.552713678801E-14));
#1109=VECTOR('',#1108,1.E-1);
#1110=CARTESIAN_POINT('',(2.E-1,1.95E0,-1.07E1));
#1111=LINE('',#1110,#1109);
#1112=DIRECTION('',(0.E0,0.E0,1.E0));
#1113=VECTOR('',#1112,1.05E0);
#1114=CARTESIAN_POINT('',(-2.E-1,1.95E0,-1.175E1));
#1115=LINE('',#1114,#1113);
#1116=DIRECTION('',(0.E0,-1.E0,0.E0));
#1117=VECTOR('',#1116,1.E-1);
#1118=CARTESIAN_POINT('',(-2.E-1,1.95E0,-1.07E1));
#1119=LINE('',#1118,#1117);
#1120=DIRECTION('',(1.E0,0.E0,0.E0));
#1121=VECTOR('',#1120,1.05E0);
#1122=CARTESIAN_POINT('',(-1.25E0,1.95E0,-1.175E1));
#1123=LINE('',#1122,#1121);
#1124=DIRECTION('',(0.E0,-1.E0,1.776356839400E-14));
#1125=VECTOR('',#1124,1.E-1);
#1126=CARTESIAN_POINT('',(-2.E-1,1.95E0,-1.175E1));
#1127=LINE('',#1126,#1125);
#1128=DIRECTION('',(0.E0,0.E0,1.E0));
#1129=VECTOR('',#1128,4.E-1);
#1130=CARTESIAN_POINT('',(-1.25E0,1.95E0,-1.215E1));
#1131=LINE('',#1130,#1129);
#1132=DIRECTION('',(0.E0,-1.E0,1.776356839400E-14));
#1133=VECTOR('',#1132,1.E-1);
#1134=CARTESIAN_POINT('',(-1.25E0,1.95E0,-1.175E1));
#1135=LINE('',#1134,#1133);
#1136=DIRECTION('',(-1.E0,0.E0,0.E0));
#1137=VECTOR('',#1136,1.05E0);
#1138=CARTESIAN_POINT('',(-2.E-1,1.95E0,-1.215E1));
#1139=LINE('',#1138,#1137);
#1140=DIRECTION('',(0.E0,-1.E0,0.E0));
#1141=VECTOR('',#1140,1.E-1);
#1142=CARTESIAN_POINT('',(-1.25E0,1.95E0,-1.215E1));
#1143=LINE('',#1142,#1141);
#1144=DIRECTION('',(0.E0,0.E0,1.E0));
#1145=VECTOR('',#1144,1.05E0);
#1146=CARTESIAN_POINT('',(-2.E-1,1.95E0,-1.32E1));
#1147=LINE('',#1146,#1145);
#1148=DIRECTION('',(0.E0,-1.E0,0.E0));
#1149=VECTOR('',#1148,1.E-1);
#1150=CARTESIAN_POINT('',(-2.E-1,1.95E0,-1.215E1));
#1151=LINE('',#1150,#1149);
#1152=DIRECTION('',(0.E0,-1.E0,0.E0));
#1153=VECTOR('',#1152,1.E-1);
#1154=CARTESIAN_POINT('',(-2.E-1,1.95E0,-1.32E1));
#1155=LINE('',#1154,#1153);
#1156=DIRECTION('',(-1.E0,0.E0,0.E0));
#1157=VECTOR('',#1156,4.E-1);
#1158=CARTESIAN_POINT('',(2.E-1,1.95E0,-1.32E1));
#1159=LINE('',#1158,#1157);
#1160=DIRECTION('',(1.E0,0.E0,0.E0));
#1161=VECTOR('',#1160,4.E-1);
#1162=CARTESIAN_POINT('',(-2.E-1,1.85E0,-1.07E1));
#1163=LINE('',#1162,#1161);
#1164=DIRECTION('',(0.E0,0.E0,1.E0));
#1165=VECTOR('',#1164,1.05E0);
#1166=CARTESIAN_POINT('',(-2.E-1,1.85E0,-1.175E1));
#1167=LINE('',#1166,#1165);
#1168=DIRECTION('',(1.E0,0.E0,0.E0));
#1169=VECTOR('',#1168,1.05E0);
#1170=CARTESIAN_POINT('',(-1.25E0,1.85E0,-1.175E1));
#1171=LINE('',#1170,#1169);
#1172=DIRECTION('',(0.E0,0.E0,1.E0));
#1173=VECTOR('',#1172,4.E-1);
#1174=CARTESIAN_POINT('',(-1.25E0,1.85E0,-1.215E1));
#1175=LINE('',#1174,#1173);
#1176=DIRECTION('',(-1.E0,0.E0,0.E0));
#1177=VECTOR('',#1176,1.05E0);
#1178=CARTESIAN_POINT('',(-2.E-1,1.85E0,-1.215E1));
#1179=LINE('',#1178,#1177);
#1180=DIRECTION('',(0.E0,0.E0,1.E0));
#1181=VECTOR('',#1180,1.05E0);
#1182=CARTESIAN_POINT('',(-2.E-1,1.85E0,-1.32E1));
#1183=LINE('',#1182,#1181);
#1184=DIRECTION('',(-1.E0,0.E0,0.E0));
#1185=VECTOR('',#1184,4.E-1);
#1186=CARTESIAN_POINT('',(2.E-1,1.85E0,-1.32E1));
#1187=LINE('',#1186,#1185);
#1188=DIRECTION('',(0.E0,0.E0,1.E0));
#1189=VECTOR('',#1188,1.05E0);
#1190=CARTESIAN_POINT('',(2.E-1,1.85E0,-1.32E1));
#1191=LINE('',#1190,#1189);
#1192=DIRECTION('',(0.E0,-1.E0,0.E0));
#1193=VECTOR('',#1192,1.E-1);
#1194=CARTESIAN_POINT('',(2.E-1,1.95E0,-1.32E1));
#1195=LINE('',#1194,#1193);
#1196=DIRECTION('',(1.E0,0.E0,0.E0));
#1197=VECTOR('',#1196,1.05E0);
#1198=CARTESIAN_POINT('',(2.E-1,1.85E0,-1.215E1));
#1199=LINE('',#1198,#1197);
#1200=DIRECTION('',(0.E0,-1.E0,0.E0));
#1201=VECTOR('',#1200,1.E-1);
#1202=CARTESIAN_POINT('',(2.E-1,1.95E0,-1.215E1));
#1203=LINE('',#1202,#1201);
#1204=DIRECTION('',(0.E0,0.E0,1.E0));
#1205=VECTOR('',#1204,4.E-1);
#1206=CARTESIAN_POINT('',(1.25E0,1.85E0,-1.215E1));
#1207=LINE('',#1206,#1205);
#1208=DIRECTION('',(0.E0,-1.E0,0.E0));
#1209=VECTOR('',#1208,1.E-1);
#1210=CARTESIAN_POINT('',(1.25E0,1.95E0,-1.215E1));
#1211=LINE('',#1210,#1209);
#1212=DIRECTION('',(-1.E0,0.E0,0.E0));
#1213=VECTOR('',#1212,1.05E0);
#1214=CARTESIAN_POINT('',(1.25E0,1.85E0,-1.175E1));
#1215=LINE('',#1214,#1213);
#1216=DIRECTION('',(-1.110223024625E-14,-1.E0,1.776356839400E-14));
#1217=VECTOR('',#1216,1.E-1);
#1218=CARTESIAN_POINT('',(1.25E0,1.95E0,-1.175E1));
#1219=LINE('',#1218,#1217);
#1220=DIRECTION('',(0.E0,0.E0,1.E0));
#1221=VECTOR('',#1220,1.05E0);
#1222=CARTESIAN_POINT('',(2.E-1,1.85E0,-1.175E1));
#1223=LINE('',#1222,#1221);
#1224=DIRECTION('',(0.E0,-1.E0,1.776356839400E-14));
#1225=VECTOR('',#1224,1.E-1);
#1226=CARTESIAN_POINT('',(2.E-1,1.95E0,-1.175E1));
#1227=LINE('',#1226,#1225);
#1228=DIRECTION('',(0.E0,-1.E0,0.E0));
#1229=VECTOR('',#1228,2.5E-1);
#1230=CARTESIAN_POINT('',(-7.115E0,1.95E0,-3.853913266728E0));
#1231=LINE('',#1230,#1229);
#1232=DIRECTION('',(0.E0,1.E0,0.E0));
#1233=VECTOR('',#1232,2.5E-1);
#1234=CARTESIAN_POINT('',(-3.885E0,1.7E0,-3.853913266728E0));
#1235=LINE('',#1234,#1233);
#1236=DIRECTION('',(0.E0,0.E0,1.E0));
#1237=VECTOR('',#1236,4.241413266728E0);
#1238=CARTESIAN_POINT('',(-7.115E0,1.95E0,-3.853913266728E0));
#1239=LINE('',#1238,#1237);
#1240=DIRECTION('',(0.E0,1.E0,0.E0));
#1241=VECTOR('',#1240,2.5E-1);
#1242=CARTESIAN_POINT('',(-7.115E0,1.7E0,3.875E-1));
#1243=LINE('',#1242,#1241);
#1244=DIRECTION('',(0.E0,-1.E0,0.E0));
#1245=VECTOR('',#1244,2.501184659910E-1);
#1246=CARTESIAN_POINT('',(-7.09E0,1.949857936198E0,3.875E-1));
#1247=LINE('',#1246,#1245);
#1248=DIRECTION('',(1.065814103640E-14,1.E0,0.E0));
#1249=VECTOR('',#1248,2.5E-1);
#1250=CARTESIAN_POINT('',(-7.1025E0,1.7E0,4.E-1));
#1251=LINE('',#1250,#1249);
#1252=DIRECTION('',(-1.E0,0.E0,0.E0));
#1253=VECTOR('',#1252,3.205E0);
#1254=CARTESIAN_POINT('',(-3.8975E0,1.7E0,4.E-1));
#1255=LINE('',#1254,#1253);
#1256=CARTESIAN_POINT('',(-3.91E0,1.699739470207E0,3.875E-1));
#1257=CARTESIAN_POINT('',(-3.91E0,1.699839251256E0,3.898926655075E-1));
#1258=CARTESIAN_POINT('',(-3.908791921116E0,1.699957452071E0,
3.940256997490E-1));
#1259=CARTESIAN_POINT('',(-3.904036401713E0,1.700003869843E0,
3.987874562147E-1));
#1260=CARTESIAN_POINT('',(-3.899898124101E0,1.7E0,4.E-1));
#1261=CARTESIAN_POINT('',(-3.8975E0,1.7E0,4.E-1));
#1263=DIRECTION('',(1.E0,0.E0,0.E0));
#1264=VECTOR('',#1263,3.18E0);
#1265=CARTESIAN_POINT('',(-7.09E0,1.668721406497E0,2.666253184068E-1));
#1266=LINE('',#1265,#1264);
#1267=CARTESIAN_POINT('',(-7.1025E0,1.7E0,4.E-1));
#1268=CARTESIAN_POINT('',(-7.100103854539E0,1.7E0,4.E-1));
#1269=CARTESIAN_POINT('',(-7.095968071959E0,1.700003860121E0,
3.987887223436E-1));
#1270=CARTESIAN_POINT('',(-7.091209298188E0,1.699957536328E0,
3.940301206577E-1));
#1271=CARTESIAN_POINT('',(-7.09E0,1.699839332747E0,3.898946195884E-1));
#1272=CARTESIAN_POINT('',(-7.09E0,1.699739470207E0,3.875E-1));
#1274=DIRECTION('',(0.E0,-1.E0,0.E0));
#1275=VECTOR('',#1274,2.5E-1);
#1276=CARTESIAN_POINT('',(-3.8975E0,1.95E0,4.E-1));
#1277=LINE('',#1276,#1275);
#1278=DIRECTION('',(0.E0,1.E0,0.E0));
#1279=VECTOR('',#1278,2.501184659910E-1);
#1280=CARTESIAN_POINT('',(-3.91E0,1.699739470207E0,3.875E-1));
#1281=LINE('',#1280,#1279);
#1282=DIRECTION('',(0.E0,-1.E0,0.E0));
#1283=VECTOR('',#1282,2.5E-1);
#1284=CARTESIAN_POINT('',(-3.885E0,1.95E0,3.875E-1));
#1285=LINE('',#1284,#1283);
#1286=DIRECTION('',(0.E0,0.E0,-1.E0));
#1287=VECTOR('',#1286,4.241413266728E0);
#1288=CARTESIAN_POINT('',(-3.885E0,1.95E0,3.875E-1));
#1289=LINE('',#1288,#1287);
#1290=CARTESIAN_POINT('',(-3.8975E0,1.95E0,4.E-1));
#1291=CARTESIAN_POINT('',(-3.899895285267E0,1.95E0,4.E-1));
#1292=CARTESIAN_POINT('',(-3.904030022357E0,1.950002103412E0,
3.987895510506E-1));
#1293=CARTESIAN_POINT('',(-3.908789238857E0,1.949976862333E0,
3.940326736223E-1));
#1294=CARTESIAN_POINT('',(-3.91E0,1.949912410317E0,3.898962421170E-1));
#1295=CARTESIAN_POINT('',(-3.91E0,1.949857936198E0,3.875E-1));
#1297=DIRECTION('',(1.E0,0.E0,0.E0));
#1298=VECTOR('',#1297,3.205E0);
#1299=CARTESIAN_POINT('',(-7.1025E0,1.95E0,4.E-1));
#1300=LINE('',#1299,#1298);
#1301=CARTESIAN_POINT('',(-7.09E0,1.949857936198E0,3.875E-1));
#1302=CARTESIAN_POINT('',(-7.09E0,1.949912365028E0,3.898942499395E-1));
#1303=CARTESIAN_POINT('',(-7.091209497274E0,1.949976815567E0,
3.940281695567E-1));
#1304=CARTESIAN_POINT('',(-7.095965457823E0,1.950002108840E0,
3.987882731852E-1));
#1305=CARTESIAN_POINT('',(-7.100102715214E0,1.95E0,4.E-1));
#1306=CARTESIAN_POINT('',(-7.1025E0,1.95E0,4.E-1));
#1308=DIRECTION('',(-1.E0,0.E0,0.E0));
#1309=VECTOR('',#1308,3.18E0);
#1310=CARTESIAN_POINT('',(-3.91E0,1.892655911912E0,1.554797504124E-1));
#1311=LINE('',#1310,#1309);
#1312=CARTESIAN_POINT('',(-3.91E0,1.4E0,4.E-1));
#1313=DIRECTION('',(-1.E0,0.E0,0.E0));
#1314=DIRECTION('',(0.E0,9.991315673568E-1,-4.166666666666E-2));
#1315=AXIS2_PLACEMENT_3D('',#1312,#1313,#1314);
#1317=CARTESIAN_POINT('',(-3.91E0,1.4E0,4.E-1));
#1318=DIRECTION('',(1.E0,0.E0,0.E0));
#1319=DIRECTION('',(0.E0,8.957380216578E-1,-4.445822719773E-1));
#1320=AXIS2_PLACEMENT_3D('',#1317,#1318,#1319);
#1322=DIRECTION('',(0.E0,4.445822719773E-1,8.957380216578E-1));
#1323=VECTOR('',#1322,5.986242561073E0);
#1324=CARTESIAN_POINT('',(-3.91E0,-7.687214064973E-1,-5.206625318407E0));
#1325=LINE('',#1324,#1323);
#1326=DIRECTION('',(0.E0,8.957380216578E-1,-4.445822719773E-1));
#1327=VECTOR('',#1326,2.5E-1);
#1328=CARTESIAN_POINT('',(-3.91E0,-9.926559119118E-1,-5.095479750413E0));
#1329=LINE('',#1328,#1327);
#1330=DIRECTION('',(0.E0,-4.445822719773E-1,-8.957380216578E-1));
#1331=VECTOR('',#1330,5.986242561073E0);
#1332=CARTESIAN_POINT('',(-3.91E0,1.668721406497E0,2.666253184068E-1));
#1333=LINE('',#1332,#1331);
#1334=DIRECTION('',(0.E0,-8.957380216578E-1,4.445822719773E-1));
#1335=VECTOR('',#1334,2.5E-1);
#1336=CARTESIAN_POINT('',(-3.91E0,1.892655911912E0,1.554797504124E-1));
#1337=LINE('',#1336,#1335);
#1338=DIRECTION('',(0.E0,4.445822719773E-1,8.957380216578E-1));
#1339=VECTOR('',#1338,5.986242561073E0);
#1340=CARTESIAN_POINT('',(-7.09E0,-9.926559119118E-1,-5.095479750413E0));
#1341=LINE('',#1340,#1339);
#1342=DIRECTION('',(0.E0,-8.957380216578E-1,4.445822719773E-1));
#1343=VECTOR('',#1342,2.5E-1);
#1344=CARTESIAN_POINT('',(-7.09E0,-7.687214064973E-1,-5.206625318407E0));
#1345=LINE('',#1344,#1343);
#1346=DIRECTION('',(0.E0,-4.445822719773E-1,-8.957380216578E-1));
#1347=VECTOR('',#1346,5.986242561073E0);
#1348=CARTESIAN_POINT('',(-7.09E0,1.892655911912E0,1.554797504124E-1));
#1349=LINE('',#1348,#1347);
#1350=DIRECTION('',(0.E0,8.957380216578E-1,-4.445822719773E-1));
#1351=VECTOR('',#1350,2.5E-1);
#1352=CARTESIAN_POINT('',(-7.09E0,1.668721406497E0,2.666253184068E-1));
#1353=LINE('',#1352,#1351);
#1354=DIRECTION('',(1.E0,0.E0,0.E0));
#1355=VECTOR('',#1354,3.18E0);
#1356=CARTESIAN_POINT('',(-7.09E0,-1.05E0,-5.34E0));
#1357=LINE('',#1356,#1355);
#1358=DIRECTION('',(-1.E0,0.E0,0.E0));
#1359=VECTOR('',#1358,3.18E0);
#1360=CARTESIAN_POINT('',(-3.91E0,-9.926559119118E-1,-5.095479750413E0));
#1361=LINE('',#1360,#1359);
#1362=CARTESIAN_POINT('',(-3.91E0,-5.E-1,-5.34E0));
#1363=DIRECTION('',(1.E0,0.E0,0.E0));
#1364=DIRECTION('',(0.E0,-8.957380216578E-1,4.445822719773E-1));
#1365=AXIS2_PLACEMENT_3D('',#1362,#1363,#1364);
#1367=CARTESIAN_POINT('',(-3.91E0,-5.E-1,-5.34E0));
#1368=DIRECTION('',(-1.E0,0.E0,0.E0));
#1369=DIRECTION('',(0.E0,-1.E0,0.E0));
#1370=AXIS2_PLACEMENT_3D('',#1367,#1368,#1369);
#1372=DIRECTION('',(0.E0,0.E0,1.E0));
#1373=VECTOR('',#1372,1.16E0);
#1374=CARTESIAN_POINT('',(-3.91E0,-8.E-1,-6.5E0));
#1375=LINE('',#1374,#1373);
#1376=DIRECTION('',(0.E0,-1.E0,0.E0));
#1377=VECTOR('',#1376,2.5E-1);
#1378=CARTESIAN_POINT('',(-3.91E0,-8.E-1,-5.34E0));
#1379=LINE('',#1378,#1377);
#1380=CARTESIAN_POINT('',(-5.5E0,-8.E-1,-6.5E0));
#1381=DIRECTION('',(0.E0,1.E0,0.E0));
#1382=DIRECTION('',(0.E0,0.E0,-1.E0));
#1383=AXIS2_PLACEMENT_3D('',#1380,#1381,#1382);
#1385=CARTESIAN_POINT('',(-5.5E0,-8.E-1,-6.5E0));
#1386=DIRECTION('',(0.E0,1.E0,0.E0));
#1387=DIRECTION('',(1.E0,0.E0,0.E0));
#1388=AXIS2_PLACEMENT_3D('',#1385,#1386,#1387);
#1390=DIRECTION('',(0.E0,0.E0,1.E0));
#1391=VECTOR('',#1390,1.16E0);
#1392=CARTESIAN_POINT('',(-7.09E0,-8.E-1,-6.5E0));
#1393=LINE('',#1392,#1391);
#1394=DIRECTION('',(0.E0,1.E0,0.E0));
#1395=VECTOR('',#1394,2.5E-1);
#1396=CARTESIAN_POINT('',(-7.09E0,-1.05E0,-6.5E0));
#1397=LINE('',#1396,#1395);
#1398=DIRECTION('',(0.E0,1.E0,0.E0));
#1399=VECTOR('',#1398,2.5E-1);
#1400=CARTESIAN_POINT('',(-5.5E0,-1.05E0,-8.09E0));
#1401=LINE('',#1400,#1399);
#1402=DIRECTION('',(0.E0,-1.E0,0.E0));
#1403=VECTOR('',#1402,2.5E-1);
#1404=CARTESIAN_POINT('',(-3.91E0,-8.E-1,-6.5E0));
#1405=LINE('',#1404,#1403);
#1406=DIRECTION('',(0.E0,0.E0,1.E0));
#1407=VECTOR('',#1406,1.16E0);
#1408=CARTESIAN_POINT('',(-3.91E0,-1.05E0,-6.5E0));
#1409=LINE('',#1408,#1407);
#1410=CARTESIAN_POINT('',(-5.5E0,-1.05E0,-6.5E0));
#1411=DIRECTION('',(0.E0,-1.E0,0.E0));
#1412=DIRECTION('',(0.E0,0.E0,-1.E0));
#1413=AXIS2_PLACEMENT_3D('',#1410,#1411,#1412);
#1415=CARTESIAN_POINT('',(-5.5E0,-1.05E0,-6.5E0));
#1416=DIRECTION('',(0.E0,-1.E0,0.E0));
#1417=DIRECTION('',(-1.E0,0.E0,0.E0));
#1418=AXIS2_PLACEMENT_3D('',#1415,#1416,#1417);
#1420=DIRECTION('',(0.E0,0.E0,1.E0));
#1421=VECTOR('',#1420,1.16E0);
#1422=CARTESIAN_POINT('',(-7.09E0,-1.05E0,-6.5E0));
#1423=LINE('',#1422,#1421);
#1424=DIRECTION('',(0.E0,1.E0,0.E0));
#1425=VECTOR('',#1424,2.5E-1);
#1426=CARTESIAN_POINT('',(-7.09E0,-1.05E0,-5.34E0));
#1427=LINE('',#1426,#1425);
#1428=CARTESIAN_POINT('',(-7.09E0,-5.E-1,-5.34E0));
#1429=DIRECTION('',(-1.E0,0.E0,0.E0));
#1430=DIRECTION('',(0.E0,-1.E0,0.E0));
#1431=AXIS2_PLACEMENT_3D('',#1428,#1429,#1430);
#1433=CARTESIAN_POINT('',(-7.09E0,-5.E-1,-5.34E0));
#1434=DIRECTION('',(1.E0,0.E0,0.E0));
#1435=DIRECTION('',(0.E0,-8.957380216578E-1,4.445822719773E-1));
#1436=AXIS2_PLACEMENT_3D('',#1433,#1434,#1435);
#1438=DIRECTION('',(1.E0,0.E0,0.E0));
#1439=VECTOR('',#1438,3.18E0);
#1440=CARTESIAN_POINT('',(-7.09E0,-7.687214064973E-1,-5.206625318407E0));
#1441=LINE('',#1440,#1439);
#1442=DIRECTION('',(-1.E0,0.E0,0.E0));
#1443=VECTOR('',#1442,3.18E0);
#1444=CARTESIAN_POINT('',(-3.91E0,-8.E-1,-5.34E0));
#1445=LINE('',#1444,#1443);
#1446=CARTESIAN_POINT('',(-7.09E0,1.4E0,4.E-1));
#1447=DIRECTION('',(-1.E0,0.E0,0.E0));
#1448=DIRECTION('',(0.E0,9.997417021783E-1,-2.272727272727E-2));
#1449=AXIS2_PLACEMENT_3D('',#1446,#1447,#1448);
#1451=CARTESIAN_POINT('',(-7.09E0,1.4E0,4.E-1));
#1452=DIRECTION('',(1.E0,0.E0,0.E0));
#1453=DIRECTION('',(0.E0,8.957380216578E-1,-4.445822719773E-1));
#1454=AXIS2_PLACEMENT_3D('',#1451,#1452,#1453);
#1456=DIRECTION('',(0.E0,1.E0,0.E0));
#1457=VECTOR('',#1456,2.5E-1);
#1458=CARTESIAN_POINT('',(7.115E0,1.7E0,-3.853913266728E0));
#1459=LINE('',#1458,#1457);
#1460=DIRECTION('',(0.E0,-1.E0,0.E0));
#1461=VECTOR('',#1460,2.5E-1);
#1462=CARTESIAN_POINT('',(3.885E0,1.95E0,-3.853913266728E0));
#1463=LINE('',#1462,#1461);
#1464=DIRECTION('',(0.E0,0.E0,1.E0));
#1465=VECTOR('',#1464,4.241413266728E0);
#1466=CARTESIAN_POINT('',(7.115E0,1.7E0,-3.853913266728E0));
#1467=LINE('',#1466,#1465);
#1468=DIRECTION('',(0.E0,-1.E0,0.E0));
#1469=VECTOR('',#1468,2.5E-1);
#1470=CARTESIAN_POINT('',(7.115E0,1.95E0,3.875E-1));
#1471=LINE('',#1470,#1469);
#1472=DIRECTION('',(-1.776356839400E-14,1.E0,0.E0));
#1473=VECTOR('',#1472,2.5E-1);
#1474=CARTESIAN_POINT('',(7.1025E0,1.7E0,4.E-1));
#1475=LINE('',#1474,#1473);
#1476=CARTESIAN_POINT('',(7.1025E0,1.7E0,4.E-1));
#1477=CARTESIAN_POINT('',(7.100315750219E0,1.7E0,4.E-1));
#1478=CARTESIAN_POINT('',(7.095954182399E0,1.700003449919E0,3.988269508062E-1));
#1479=CARTESIAN_POINT('',(7.091175552263E0,1.699960102066E0,3.940511190863E-1));
#1480=CARTESIAN_POINT('',(7.09E0,1.699830650855E0,3.896864351198E-1));
#1481=CARTESIAN_POINT('',(7.09E0,1.699739470207E0,3.875E-1));
#1483=CARTESIAN_POINT('',(7.09E0,1.949857936198E0,3.875E-1));
#1484=CARTESIAN_POINT('',(7.09E0,1.949907574670E0,3.896835286122E-1));
#1485=CARTESIAN_POINT('',(7.091171470344E0,1.949977694246E0,3.940451675572E-1));
#1486=CARTESIAN_POINT('',(7.095954808766E0,1.950002339311E0,3.988285004289E-1));
#1487=CARTESIAN_POINT('',(7.100316400721E0,1.95E0,4.E-1));
#1488=CARTESIAN_POINT('',(7.1025E0,1.95E0,4.E-1));
#1490=DIRECTION('',(0.E0,1.E0,0.E0));
#1491=VECTOR('',#1490,2.501184659910E-1);
#1492=CARTESIAN_POINT('',(7.09E0,1.699739470207E0,3.875E-1));
#1493=LINE('',#1492,#1491);
#1494=CARTESIAN_POINT('',(7.09E0,1.4E0,4.E-1));
#1495=DIRECTION('',(1.E0,0.E0,0.E0));
#1496=DIRECTION('',(0.E0,8.957380216578E-1,-4.445822719773E-1));
#1497=AXIS2_PLACEMENT_3D('',#1494,#1495,#1496);
#1499=DIRECTION('',(0.E0,8.957380216578E-1,-4.445822719773E-1));
#1500=VECTOR('',#1499,2.5E-1);
#1501=CARTESIAN_POINT('',(7.09E0,1.668721406497E0,2.666253184068E-1));
#1502=LINE('',#1501,#1500);
#1503=CARTESIAN_POINT('',(7.09E0,1.4E0,4.E-1));
#1504=DIRECTION('',(-1.E0,0.E0,0.E0));
#1505=DIRECTION('',(0.E0,9.991315673568E-1,-4.166666666666E-2));
#1506=AXIS2_PLACEMENT_3D('',#1503,#1504,#1505);
#1508=DIRECTION('',(0.E0,-4.445822719773E-1,-8.957380216578E-1));
#1509=VECTOR('',#1508,5.986242561073E0);
#1510=CARTESIAN_POINT('',(7.09E0,1.668721406497E0,2.666253184068E-1));
#1511=LINE('',#1510,#1509);
#1512=DIRECTION('',(0.E0,4.445822719773E-1,8.957380216578E-1));
#1513=VECTOR('',#1512,5.986242561073E0);
#1514=CARTESIAN_POINT('',(7.09E0,-7.687214064973E-1,-5.206625318407E0));
#1515=LINE('',#1514,#1513);
#1516=DIRECTION('',(0.E0,-4.445822719773E-1,-8.957380216578E-1));
#1517=VECTOR('',#1516,5.986242561073E0);
#1518=CARTESIAN_POINT('',(3.91E0,1.892655911912E0,1.554797504124E-1));
#1519=LINE('',#1518,#1517);
#1520=DIRECTION('',(0.E0,4.445822719773E-1,8.957380216578E-1));
#1521=VECTOR('',#1520,5.986242561073E0);
#1522=CARTESIAN_POINT('',(3.91E0,-9.926559119118E-1,-5.095479750413E0));
#1523=LINE('',#1522,#1521);
#1524=DIRECTION('',(-1.E0,0.E0,0.E0));
#1525=VECTOR('',#1524,3.18E0);
#1526=CARTESIAN_POINT('',(7.09E0,-8.E-1,-5.34E0));
#1527=LINE('',#1526,#1525);
#1528=DIRECTION('',(1.E0,0.E0,0.E0));
#1529=VECTOR('',#1528,3.18E0);
#1530=CARTESIAN_POINT('',(3.91E0,-7.687214064973E-1,-5.206625318407E0));
#1531=LINE('',#1530,#1529);
#1532=DIRECTION('',(0.E0,-1.E0,0.E0));
#1533=VECTOR('',#1532,2.5E-1);
#1534=CARTESIAN_POINT('',(3.91E0,-8.E-1,-5.34E0));
#1535=LINE('',#1534,#1533);
#1536=CARTESIAN_POINT('',(3.91E0,-5.E-1,-5.34E0));
#1537=DIRECTION('',(1.E0,0.E0,0.E0));
#1538=DIRECTION('',(0.E0,-8.957380216578E-1,4.445822719773E-1));
#1539=AXIS2_PLACEMENT_3D('',#1536,#1537,#1538);
#1541=DIRECTION('',(0.E0,8.957380216578E-1,-4.445822719773E-1));
#1542=VECTOR('',#1541,2.5E-1);
#1543=CARTESIAN_POINT('',(3.91E0,-9.926559119118E-1,-5.095479750413E0));
#1544=LINE('',#1543,#1542);
#1545=CARTESIAN_POINT('',(3.91E0,-5.E-1,-5.34E0));
#1546=DIRECTION('',(-1.E0,0.E0,0.E0));
#1547=DIRECTION('',(0.E0,-1.E0,0.E0));
#1548=AXIS2_PLACEMENT_3D('',#1545,#1546,#1547);
#1550=DIRECTION('',(0.E0,0.E0,1.E0));
#1551=VECTOR('',#1550,1.16E0);
#1552=CARTESIAN_POINT('',(3.91E0,-1.05E0,-6.5E0));
#1553=LINE('',#1552,#1551);
#1554=CARTESIAN_POINT('',(5.5E0,-8.E-1,-6.5E0));
#1555=DIRECTION('',(0.E0,1.E0,0.E0));
#1556=DIRECTION('',(1.E0,0.E0,0.E0));
#1557=AXIS2_PLACEMENT_3D('',#1554,#1555,#1556);
#1559=DIRECTION('',(0.E0,0.E0,1.E0));
#1560=VECTOR('',#1559,1.16E0);
#1561=CARTESIAN_POINT('',(3.91E0,-8.E-1,-6.5E0));
#1562=LINE('',#1561,#1560);
#1563=CARTESIAN_POINT('',(5.5E0,-8.E-1,-6.5E0));
#1564=DIRECTION('',(0.E0,1.E0,0.E0));
#1565=DIRECTION('',(0.E0,0.E0,-1.E0));
#1566=AXIS2_PLACEMENT_3D('',#1563,#1564,#1565);
#1568=DIRECTION('',(0.E0,1.E0,0.E0));
#1569=VECTOR('',#1568,2.5E-1);
#1570=CARTESIAN_POINT('',(5.5E0,-1.05E0,-8.09E0));
#1571=LINE('',#1570,#1569);
#1572=DIRECTION('',(0.E0,-1.E0,0.E0));
#1573=VECTOR('',#1572,2.5E-1);
#1574=CARTESIAN_POINT('',(7.09E0,-8.E-1,-6.5E0));
#1575=LINE('',#1574,#1573);
#1576=DIRECTION('',(0.E0,1.E0,0.E0));
#1577=VECTOR('',#1576,2.5E-1);
#1578=CARTESIAN_POINT('',(3.91E0,-1.05E0,-6.5E0));
#1579=LINE('',#1578,#1577);
#1580=DIRECTION('',(0.E0,0.E0,1.E0));
#1581=VECTOR('',#1580,1.16E0);
#1582=CARTESIAN_POINT('',(7.09E0,-1.05E0,-6.5E0));
#1583=LINE('',#1582,#1581);
#1584=CARTESIAN_POINT('',(5.5E0,-1.05E0,-6.5E0));
#1585=DIRECTION('',(0.E0,-1.E0,0.E0));
#1586=DIRECTION('',(0.E0,0.E0,-1.E0));
#1587=AXIS2_PLACEMENT_3D('',#1584,#1585,#1586);
#1589=CARTESIAN_POINT('',(5.5E0,-1.05E0,-6.5E0));
#1590=DIRECTION('',(0.E0,-1.E0,0.E0));
#1591=DIRECTION('',(-1.E0,0.E0,0.E0));
#1592=AXIS2_PLACEMENT_3D('',#1589,#1590,#1591);
#1594=DIRECTION('',(-1.E0,0.E0,0.E0));
#1595=VECTOR('',#1594,3.18E0);
#1596=CARTESIAN_POINT('',(7.09E0,-9.926559119118E-1,-5.095479750413E0));
#1597=LINE('',#1596,#1595);
#1598=DIRECTION('',(1.E0,0.E0,0.E0));
#1599=VECTOR('',#1598,3.18E0);
#1600=CARTESIAN_POINT('',(3.91E0,-1.05E0,-5.34E0));
#1601=LINE('',#1600,#1599);
#1602=DIRECTION('',(0.E0,-8.957380216578E-1,4.445822719773E-1));
#1603=VECTOR('',#1602,2.5E-1);
#1604=CARTESIAN_POINT('',(7.09E0,-7.687214064973E-1,-5.206625318407E0));
#1605=LINE('',#1604,#1603);
#1606=CARTESIAN_POINT('',(7.09E0,-5.E-1,-5.34E0));
#1607=DIRECTION('',(-1.E0,0.E0,0.E0));
#1608=DIRECTION('',(0.E0,-1.E0,0.E0));
#1609=AXIS2_PLACEMENT_3D('',#1606,#1607,#1608);
#1611=DIRECTION('',(0.E0,1.E0,0.E0));
#1612=VECTOR('',#1611,2.5E-1);
#1613=CARTESIAN_POINT('',(7.09E0,-1.05E0,-5.34E0));
#1614=LINE('',#1613,#1612);
#1615=CARTESIAN_POINT('',(7.09E0,-5.E-1,-5.34E0));
#1616=DIRECTION('',(1.E0,0.E0,0.E0));
#1617=DIRECTION('',(0.E0,-8.957380216578E-1,4.445822719773E-1));
#1618=AXIS2_PLACEMENT_3D('',#1615,#1616,#1617);
#1620=DIRECTION('',(0.E0,0.E0,1.E0));
#1621=VECTOR('',#1620,1.16E0);
#1622=CARTESIAN_POINT('',(7.09E0,-8.E-1,-6.5E0));
#1623=LINE('',#1622,#1621);
#1624=DIRECTION('',(0.E0,0.E0,-1.E0));
#1625=VECTOR('',#1624,4.241413266728E0);
#1626=CARTESIAN_POINT('',(3.885E0,1.7E0,3.875E-1));
#1627=LINE('',#1626,#1625);
#1628=DIRECTION('',(0.E0,-1.E0,0.E0));
#1629=VECTOR('',#1628,2.5E-1);
#1630=CARTESIAN_POINT('',(3.8975E0,1.95E0,4.E-1));
#1631=LINE('',#1630,#1629);
#1632=DIRECTION('',(0.E0,1.E0,0.E0));
#1633=VECTOR('',#1632,2.5E-1);
#1634=CARTESIAN_POINT('',(3.885E0,1.7E0,3.875E-1));
#1635=LINE('',#1634,#1633);
#1636=CARTESIAN_POINT('',(3.91E0,1.699739470207E0,3.875E-1));
#1637=CARTESIAN_POINT('',(3.91E0,1.699830507530E0,3.896829983232E-1));
#1638=CARTESIAN_POINT('',(3.908828151252E0,1.699959940929E0,3.940434389385E-1));
#1639=CARTESIAN_POINT('',(3.904053510002E0,1.700003473496E0,3.988232339585E-1));
#1640=CARTESIAN_POINT('',(3.899687696877E0,1.7E0,4.E-1));
#1641=CARTESIAN_POINT('',(3.8975E0,1.7E0,4.E-1));
#1643=DIRECTION('',(0.E0,-1.E0,0.E0));
#1644=VECTOR('',#1643,2.501184659910E-1);
#1645=CARTESIAN_POINT('',(3.91E0,1.949857936198E0,3.875E-1));
#1646=LINE('',#1645,#1644);
#1647=CARTESIAN_POINT('',(3.8975E0,1.95E0,4.E-1));
#1648=CARTESIAN_POINT('',(3.899683855690E0,1.95E0,4.E-1));
#1649=CARTESIAN_POINT('',(3.904045763485E0,1.950002326687E0,3.988282240288E-1));
#1650=CARTESIAN_POINT('',(3.908828804329E0,1.949977702417E0,3.940445972217E-1));
#1651=CARTESIAN_POINT('',(3.91E0,1.949907568870E0,3.896832734723E-1));
#1652=CARTESIAN_POINT('',(3.91E0,1.949857936198E0,3.875E-1));
#1654=CARTESIAN_POINT('',(1.055E1,-1.95E0,-9.1E0));
#1655=CARTESIAN_POINT('',(1.055E1,-1.65E0,-9.4E0));
#1656=VERTEX_POINT('',#1654);
#1657=VERTEX_POINT('',#1655);
#1658=CARTESIAN_POINT('',(2.E-1,1.95E0,-1.175E1));
#1659=CARTESIAN_POINT('',(2.E-1,1.95E0,-1.07E1));
#1660=VERTEX_POINT('',#1658);
#1661=VERTEX_POINT('',#1659);
#1662=CARTESIAN_POINT('',(-1.03E1,-1.95E0,-7.4E0));
#1663=CARTESIAN_POINT('',(-1.03E1,-1.95E0,-9.1E0));
#1664=VERTEX_POINT('',#1662);
#1665=VERTEX_POINT('',#1663);
#1666=CARTESIAN_POINT('',(-1.055E1,-1.95E0,-2.1E0));
#1667=CARTESIAN_POINT('',(-1.055E1,-1.1E0,-2.1E0));
#1668=VERTEX_POINT('',#1666);
#1669=VERTEX_POINT('',#1667);
#1670=CARTESIAN_POINT('',(1.03E1,-1.1E0,-2.2E0));
#1671=CARTESIAN_POINT('',(1.03E1,-1.1E0,-2.1E0));
#1672=VERTEX_POINT('',#1670);
#1673=VERTEX_POINT('',#1671);
#1674=CARTESIAN_POINT('',(1.525E1,-1.95E0,-7.3E0));
#1675=CARTESIAN_POINT('',(1.085E1,-1.95E0,-7.3E0));
#1676=VERTEX_POINT('',#1674);
#1677=VERTEX_POINT('',#1675);
#1678=CARTESIAN_POINT('',(-3.75E0,-1.35E0,-1.52E1));
#1679=CARTESIAN_POINT('',(-3.75E0,-1.35E0,-1.495E1));
#1680=VERTEX_POINT('',#1678);
#1681=VERTEX_POINT('',#1679);
#1682=CARTESIAN_POINT('',(-3.91E0,-8.E-1,-6.5E0));
#1683=CARTESIAN_POINT('',(-5.5E0,-8.E-1,-8.09E0));
#1684=VERTEX_POINT('',#1682);
#1685=VERTEX_POINT('',#1683);
#1686=CARTESIAN_POINT('',(1.18E1,-1.7E0,-4.75E0));
#1687=CARTESIAN_POINT('',(1.18E1,-1.95E0,-4.75E0));
#1688=VERTEX_POINT('',#1686);
#1689=VERTEX_POINT('',#1687);
#1690=CARTESIAN_POINT('',(-7.09E0,1.668721406497E0,2.666253184068E-1));
#1691=CARTESIAN_POINT('',(-7.09E0,1.699739470207E0,3.875E-1));
#1692=VERTEX_POINT('',#1690);
#1693=VERTEX_POINT('',#1691);
#1694=CARTESIAN_POINT('',(7.115E0,1.7E0,-3.853913266728E0));
#1695=CARTESIAN_POINT('',(5.5E0,1.7E0,-9.6E0));
#1696=VERTEX_POINT('',#1694);
#1697=VERTEX_POINT('',#1695);
#1698=CARTESIAN_POINT('',(3.885E0,1.7E0,-3.853913266728E0));
#1699=VERTEX_POINT('',#1698);
#1700=CARTESIAN_POINT('',(1.E1,1.7E0,0.E0));
#1701=CARTESIAN_POINT('',(1.E1,1.95E0,0.E0));
#1702=VERTEX_POINT('',#1700);
#1703=VERTEX_POINT('',#1701);
#1704=CARTESIAN_POINT('',(5.5E0,-1.05E0,-8.09E0));
#1705=CARTESIAN_POINT('',(5.5E0,-8.E-1,-8.09E0));
#1706=VERTEX_POINT('',#1704);
#1707=VERTEX_POINT('',#1705);
#1708=CARTESIAN_POINT('',(1.525E1,-1.7E0,-7.3E0));
#1709=CARTESIAN_POINT('',(1.085E1,-1.7E0,-7.3E0));
#1710=VERTEX_POINT('',#1708);
#1711=VERTEX_POINT('',#1709);
#1712=CARTESIAN_POINT('',(1.42E1,-1.95E0,-4.75E0));
#1713=VERTEX_POINT('',#1712);
#1714=CARTESIAN_POINT('',(1.03E1,1.95E0,1.E-1));
#1715=CARTESIAN_POINT('',(1.03E1,1.95E0,1.597926619566E0));
#1716=VERTEX_POINT('',#1714);
#1717=VERTEX_POINT('',#1715);
#1718=CARTESIAN_POINT('',(7.297926619566E0,1.7E0,4.6E0));
#1719=CARTESIAN_POINT('',(5.211775586020E0,1.7E0,3.756726852739E0));
#1720=VERTEX_POINT('',#1718);
#1721=VERTEX_POINT('',#1719);
#1722=CARTESIAN_POINT('',(-7.09E0,-8.E-1,-6.5E0));
#1723=CARTESIAN_POINT('',(-7.09E0,-8.E-1,-5.34E0));
#1724=VERTEX_POINT('',#1722);
#1725=VERTEX_POINT('',#1723);
#1726=CARTESIAN_POINT('',(1.25E0,1.95E0,-1.215E1));
#1727=CARTESIAN_POINT('',(1.25E0,1.95E0,-1.175E1));
#1728=VERTEX_POINT('',#1726);
#1729=VERTEX_POINT('',#1727);
#1730=CARTESIAN_POINT('',(-7.297926619566E0,1.7E0,4.6E0));
#1731=CARTESIAN_POINT('',(-1.03E1,1.7E0,1.597926619565E0));
#1732=VERTEX_POINT('',#1730);
#1733=VERTEX_POINT('',#1731);
#1734=CARTESIAN_POINT('',(-7.115E0,1.7E0,3.875E-1));
#1735=CARTESIAN_POINT('',(-7.115E0,1.95E0,3.875E-1));
#1736=VERTEX_POINT('',#1734);
#1737=VERTEX_POINT('',#1735);
#1738=CARTESIAN_POINT('',(-3.91E0,-9.926559119118E-1,-5.095479750413E0));
#1739=CARTESIAN_POINT('',(-3.91E0,-7.687214064973E-1,-5.206625318407E0));
#1740=VERTEX_POINT('',#1738);
#1741=VERTEX_POINT('',#1739);
#1742=CARTESIAN_POINT('',(-1.25E0,1.95E0,-1.215E1));
#1743=CARTESIAN_POINT('',(-1.25E0,1.95E0,-1.175E1));
#1744=VERTEX_POINT('',#1742);
#1745=VERTEX_POINT('',#1743);
#1746=VERTEX_POINT('',#1476);
#1747=VERTEX_POINT('',#1481);
#1748=CARTESIAN_POINT('',(1.03E1,-1.95E0,-9.1E0));
#1749=VERTEX_POINT('',#1748);
#1750=CARTESIAN_POINT('',(1.E1,1.95E0,1.E-1));
#1751=VERTEX_POINT('',#1750);
#1752=CARTESIAN_POINT('',(-1.03E1,-1.65E0,-9.4E0));
#1753=CARTESIAN_POINT('',(-1.03E1,1.4E0,-9.4E0));
#1754=VERTEX_POINT('',#1752);
#1755=VERTEX_POINT('',#1753);
#1756=CARTESIAN_POINT('',(2.E-1,1.95E0,-1.32E1));
#1757=CARTESIAN_POINT('',(2.E-1,1.95E0,-1.215E1));
#1758=VERTEX_POINT('',#1756);
#1759=VERTEX_POINT('',#1757);
#1760=CARTESIAN_POINT('',(7.09E0,-8.E-1,-5.34E0));
#1761=CARTESIAN_POINT('',(7.09E0,-7.687214064973E-1,-5.206625318407E0));
#1762=VERTEX_POINT('',#1760);
#1763=VERTEX_POINT('',#1761);
#1764=CARTESIAN_POINT('',(-1.085E1,-1.95E0,-7.3E0));
#1765=CARTESIAN_POINT('',(-1.085E1,-1.7E0,-7.3E0));
#1766=VERTEX_POINT('',#1764);
#1767=VERTEX_POINT('',#1765);
#1768=CARTESIAN_POINT('',(1.03E1,1.4E0,-9.4E0));
#1769=CARTESIAN_POINT('',(1.E1,1.7E0,-9.4E0));
#1770=VERTEX_POINT('',#1768);
#1771=VERTEX_POINT('',#1769);
#1772=CARTESIAN_POINT('',(0.E0,1.95E0,1.65E0));
#1773=CARTESIAN_POINT('',(5.211775586020E0,1.95E0,3.756726852739E0));
#1774=VERTEX_POINT('',#1772);
#1775=VERTEX_POINT('',#1773);
#1776=CARTESIAN_POINT('',(-5.211775586020E0,1.95E0,3.756726852739E0));
#1777=VERTEX_POINT('',#1776);
#1778=CARTESIAN_POINT('',(7.09E0,1.892655911912E0,1.554797504124E-1));
#1779=VERTEX_POINT('',#1778);
#1780=CARTESIAN_POINT('',(-1.03E1,-1.1E0,-7.3E0));
#1781=CARTESIAN_POINT('',(-1.03E1,-1.4E0,-7.3E0));
#1782=VERTEX_POINT('',#1780);
#1783=VERTEX_POINT('',#1781);
#1784=CARTESIAN_POINT('',(3.91E0,-1.05E0,-5.34E0));
#1785=CARTESIAN_POINT('',(3.91E0,-9.926559119118E-1,-5.095479750413E0));
#1786=VERTEX_POINT('',#1784);
#1787=VERTEX_POINT('',#1785);
#1788=CARTESIAN_POINT('',(-1.03E1,1.95E0,1.597926619566E0));
#1789=VERTEX_POINT('',#1788);
#1790=CARTESIAN_POINT('',(1.03E1,-1.4E0,-7.3E0));
#1791=VERTEX_POINT('',#1790);
#1792=CARTESIAN_POINT('',(2.E-1,1.85E0,-1.32E1));
#1793=CARTESIAN_POINT('',(2.E-1,1.85E0,-1.215E1));
#1794=VERTEX_POINT('',#1792);
#1795=VERTEX_POINT('',#1793);
#1796=CARTESIAN_POINT('',(-1.055E1,-1.65E0,0.E0));
#1797=CARTESIAN_POINT('',(-1.055E1,1.4E0,0.E0));
#1798=VERTEX_POINT('',#1796);
#1799=VERTEX_POINT('',#1797);
#1800=CARTESIAN_POINT('',(3.8975E0,1.95E0,4.E-1));
#1801=CARTESIAN_POINT('',(3.885E0,1.95E0,3.875E-1));
#1802=VERTEX_POINT('',#1800);
#1803=VERTEX_POINT('',#1801);
#1804=CARTESIAN_POINT('',(3.983330305198E0,1.95E0,-1.446985527907E1));
#1805=CARTESIAN_POINT('',(3.827405656174E0,1.95E0,-1.465E1));
#1806=VERTEX_POINT('',#1804);
#1807=VERTEX_POINT('',#1805);
#1808=CARTESIAN_POINT('',(1.E1,1.7E0,-9.824632352941E0));
#1809=VERTEX_POINT('',#1808);
#1810=CARTESIAN_POINT('',(3.91E0,-1.05E0,-6.5E0));
#1811=CARTESIAN_POINT('',(3.91E0,-8.E-1,-6.5E0));
#1812=VERTEX_POINT('',#1810);
#1813=VERTEX_POINT('',#1811);
#1814=CARTESIAN_POINT('',(-3.8975E0,1.7E0,4.E-1));
#1815=CARTESIAN_POINT('',(-3.885E0,1.7E0,3.875E-1));
#1816=VERTEX_POINT('',#1814);
#1817=VERTEX_POINT('',#1815);
#1818=CARTESIAN_POINT('',(-1.055E1,-1.95E0,-3.E-1));
#1819=VERTEX_POINT('',#1818);
#1820=CARTESIAN_POINT('',(-1.055E1,-1.95E0,-9.1E0));
#1821=VERTEX_POINT('',#1820);
#1822=CARTESIAN_POINT('',(-3.91E0,1.892655911912E0,1.554797504124E-1));
#1823=CARTESIAN_POINT('',(-3.91E0,1.949857936198E0,3.875E-1));
#1824=VERTEX_POINT('',#1822);
#1825=VERTEX_POINT('',#1823);
#1826=CARTESIAN_POINT('',(-1.525E1,-1.95E0,-7.3E0));
#1827=VERTEX_POINT('',#1826);
#1828=CARTESIAN_POINT('',(1.03E1,-1.95E0,-7.4E0));
#1829=CARTESIAN_POINT('',(1.03E1,-1.1E0,-7.4E0));
#1830=VERTEX_POINT('',#1828);
#1831=VERTEX_POINT('',#1829);
#1832=CARTESIAN_POINT('',(-1.25E0,1.85E0,-1.215E1));
#1833=CARTESIAN_POINT('',(-1.25E0,1.85E0,-1.175E1));
#1834=VERTEX_POINT('',#1832);
#1835=VERTEX_POINT('',#1833);
#1836=CARTESIAN_POINT('',(3.91E0,1.668721406497E0,2.666253184068E-1));
#1837=VERTEX_POINT('',#1836);
#1838=CARTESIAN_POINT('',(-3.91E0,-1.05E0,-5.34E0));
#1839=VERTEX_POINT('',#1838);
#1840=CARTESIAN_POINT('',(-7.09E0,1.949857936198E0,3.875E-1));
#1841=VERTEX_POINT('',#1840);
#1842=CARTESIAN_POINT('',(-2.E-1,1.95E0,-1.07E1));
#1843=VERTEX_POINT('',#1842);
#1844=CARTESIAN_POINT('',(-3.91E0,-8.E-1,-5.34E0));
#1845=VERTEX_POINT('',#1844);
#1846=VERTEX_POINT('',#1267);
#1847=CARTESIAN_POINT('',(3.91E0,-8.E-1,-5.34E0));
#1848=VERTEX_POINT('',#1847);
#1849=CARTESIAN_POINT('',(-1.03E1,1.95E0,1.E-1));
#1850=CARTESIAN_POINT('',(-1.03E1,1.7E0,1.E-1));
#1851=VERTEX_POINT('',#1849);
#1852=VERTEX_POINT('',#1850);
#1853=CARTESIAN_POINT('',(1.085E1,-1.7E0,-2.2E0));
#1854=VERTEX_POINT('',#1853);
#1855=CARTESIAN_POINT('',(-3.827405656174E0,1.95E0,-1.465E1));
#1856=CARTESIAN_POINT('',(-3.983330305198E0,1.95E0,-1.446985527907E1));
#1857=VERTEX_POINT('',#1855);
#1858=VERTEX_POINT('',#1856);
#1859=CARTESIAN_POINT('',(1.E1,1.95E0,-9.4E0));
#1860=CARTESIAN_POINT('',(1.055E1,1.4E0,-9.4E0));
#1861=VERTEX_POINT('',#1859);
#1862=VERTEX_POINT('',#1860);
#1863=CARTESIAN_POINT('',(-1.525E1,-1.7E0,-2.2E0));
#1864=CARTESIAN_POINT('',(-1.525E1,-1.7E0,-7.3E0));
#1865=VERTEX_POINT('',#1863);
#1866=VERTEX_POINT('',#1864);
#1867=CARTESIAN_POINT('',(-1.055E1,-1.1E0,-2.2E0));
#1868=CARTESIAN_POINT('',(-1.03E1,-1.1E0,-2.2E0));
#1869=VERTEX_POINT('',#1867);
#1870=VERTEX_POINT('',#1868);
#1871=CARTESIAN_POINT('',(-7.09E0,-7.687214064973E-1,-5.206625318407E0));
#1872=VERTEX_POINT('',#1871);
#1873=CARTESIAN_POINT('',(1.42E1,-1.7E0,-4.75E0));
#1874=VERTEX_POINT('',#1873);
#1875=CARTESIAN_POINT('',(-7.115E0,1.95E0,-3.853913266728E0));
#1876=CARTESIAN_POINT('',(-7.115E0,1.7E0,-3.853913266728E0));
#1877=VERTEX_POINT('',#1875);
#1878=VERTEX_POINT('',#1876);
#1879=CARTESIAN_POINT('',(-1.03E1,-1.65E0,0.E0));
#1880=CARTESIAN_POINT('',(-1.03E1,1.4E0,0.E0));
#1881=VERTEX_POINT('',#1879);
#1882=VERTEX_POINT('',#1880);
#1883=CARTESIAN_POINT('',(3.885E0,1.7E0,3.875E-1));
#1884=CARTESIAN_POINT('',(3.8975E0,1.7E0,4.E-1));
#1885=VERTEX_POINT('',#1883);
#1886=VERTEX_POINT('',#1884);
#1887=CARTESIAN_POINT('',(-1.055E1,-1.1E0,-7.3E0));
#1888=VERTEX_POINT('',#1887);
#1889=CARTESIAN_POINT('',(-1.055E1,-1.4E0,-2.2E0));
#1890=CARTESIAN_POINT('',(-1.055E1,-1.4E0,-7.3E0));
#1891=VERTEX_POINT('',#1889);
#1892=VERTEX_POINT('',#1890);
#1893=CARTESIAN_POINT('',(-5.5E0,1.7E0,-9.6E0));
#1894=VERTEX_POINT('',#1893);
#1895=CARTESIAN_POINT('',(-3.885E0,1.7E0,-3.853913266728E0));
#1896=VERTEX_POINT('',#1895);
#1897=CARTESIAN_POINT('',(1.03E1,1.4E0,0.E0));
#1898=CARTESIAN_POINT('',(1.055E1,1.4E0,0.E0));
#1899=VERTEX_POINT('',#1897);
#1900=VERTEX_POINT('',#1898);
#1901=CARTESIAN_POINT('',(-1.E1,1.7E0,-9.824632352941E0));
#1902=CARTESIAN_POINT('',(-1.E1,1.7E0,-9.4E0));
#1903=VERTEX_POINT('',#1901);
#1904=VERTEX_POINT('',#1902);
#1905=CARTESIAN_POINT('',(5.5E0,1.95E0,-9.6E0));
#1906=CARTESIAN_POINT('',(7.115E0,1.95E0,-3.853913266728E0));
#1907=VERTEX_POINT('',#1905);
#1908=VERTEX_POINT('',#1906);
#1909=CARTESIAN_POINT('',(3.885E0,1.95E0,-3.853913266728E0));
#1910=VERTEX_POINT('',#1909);
#1911=CARTESIAN_POINT('',(-1.E1,1.95E0,-9.824632352941E0));
#1912=CARTESIAN_POINT('',(-1.E1,1.95E0,-9.4E0));
#1913=VERTEX_POINT('',#1911);
#1914=VERTEX_POINT('',#1912);
#1915=CARTESIAN_POINT('',(-1.055E1,-1.1E0,-7.4E0));
#1916=VERTEX_POINT('',#1915);
#1917=VERTEX_POINT('',#1636);
#1918=CARTESIAN_POINT('',(7.09E0,-9.926559119118E-1,-5.095479750413E0));
#1919=VERTEX_POINT('',#1918);
#1920=CARTESIAN_POINT('',(7.115E0,1.7E0,3.875E-1));
#1921=VERTEX_POINT('',#1920);
#1922=CARTESIAN_POINT('',(1.055E1,-1.65E0,0.E0));
#1923=CARTESIAN_POINT('',(1.03E1,-1.65E0,0.E0));
#1924=VERTEX_POINT('',#1922);
#1925=VERTEX_POINT('',#1923);
#1926=CARTESIAN_POINT('',(-2.E-1,1.95E0,-1.32E1));
#1927=VERTEX_POINT('',#1926);
#1928=CARTESIAN_POINT('',(-7.09E0,-1.05E0,-6.5E0));
#1929=CARTESIAN_POINT('',(-5.5E0,-1.05E0,-8.09E0));
#1930=VERTEX_POINT('',#1928);
#1931=VERTEX_POINT('',#1929);
#1932=CARTESIAN_POINT('',(-7.297926619566E0,1.95E0,4.6E0));
#1933=VERTEX_POINT('',#1932);
#1934=CARTESIAN_POINT('',(7.09E0,1.668721406497E0,2.666253184068E-1));
#1935=VERTEX_POINT('',#1934);
#1936=CARTESIAN_POINT('',(-3.75E0,1.4E0,-1.52E1));
#1937=VERTEX_POINT('',#1936);
#1938=CARTESIAN_POINT('',(7.1025E0,1.95E0,4.E-1));
#1939=VERTEX_POINT('',#1938);
#1940=CARTESIAN_POINT('',(7.09E0,-8.E-1,-6.5E0));
#1941=VERTEX_POINT('',#1940);
#1942=CARTESIAN_POINT('',(-7.09E0,-9.926559119118E-1,-5.095479750413E0));
#1943=VERTEX_POINT('',#1942);
#1944=CARTESIAN_POINT('',(1.03E1,-1.65E0,-9.4E0));
#1945=VERTEX_POINT('',#1944);
#1946=CARTESIAN_POINT('',(-1.03E1,-1.1E0,-2.1E0));
#1947=VERTEX_POINT('',#1946);
#1948=CARTESIAN_POINT('',(1.525E1,-1.7E0,-2.2E0));
#1949=VERTEX_POINT('',#1948);
#1950=CARTESIAN_POINT('',(-1.03E1,-1.95E0,-2.1E0));
#1951=VERTEX_POINT('',#1950);
#1952=CARTESIAN_POINT('',(1.E1,1.7E0,1.E-1));
#1953=VERTEX_POINT('',#1952);
#1954=CARTESIAN_POINT('',(3.75E0,1.4E0,-1.52E1));
#1955=CARTESIAN_POINT('',(3.75E0,1.864332691288E0,-1.494477983615E1));
#1956=VERTEX_POINT('',#1954);
#1957=VERTEX_POINT('',#1955);
#1958=CARTESIAN_POINT('',(1.055E1,-1.95E0,-3.E-1));
#1959=VERTEX_POINT('',#1958);
#1960=CARTESIAN_POINT('',(3.91E0,1.892655911912E0,1.554797504124E-1));
#1961=VERTEX_POINT('',#1960);
#1962=CARTESIAN_POINT('',(7.09E0,1.949857936198E0,3.875E-1));
#1963=VERTEX_POINT('',#1962);
#1964=CARTESIAN_POINT('',(-3.91E0,1.668721406497E0,2.666253184068E-1));
#1965=VERTEX_POINT('',#1964);
#1966=CARTESIAN_POINT('',(0.E0,1.7E0,1.65E0));
#1967=VERTEX_POINT('',#1966);
#1968=CARTESIAN_POINT('',(-5.211775586020E0,1.7E0,3.756726852739E0));
#1969=VERTEX_POINT('',#1968);
#1970=CARTESIAN_POINT('',(1.055E1,-1.95E0,-2.1E0));
#1971=CARTESIAN_POINT('',(1.055E1,-1.1E0,-2.1E0));
#1972=VERTEX_POINT('',#1970);
#1973=VERTEX_POINT('',#1971);
#1974=CARTESIAN_POINT('',(-3.91E0,1.699739470207E0,3.875E-1));
#1975=VERTEX_POINT('',#1974);
#1976=CARTESIAN_POINT('',(-1.055E1,-1.95E0,-7.4E0));
#1977=VERTEX_POINT('',#1976);
#1978=CARTESIAN_POINT('',(-1.03E1,-1.95E0,-3.E-1));
#1979=VERTEX_POINT('',#1978);
#1980=CARTESIAN_POINT('',(-2.E-1,1.85E0,-1.32E1));
#1981=VERTEX_POINT('',#1980);
#1982=VERTEX_POINT('',#468);
#1983=VERTEX_POINT('',#475);
#1984=CARTESIAN_POINT('',(1.085E1,-1.95E0,-2.2E0));
#1985=VERTEX_POINT('',#1984);
#1986=CARTESIAN_POINT('',(-1.085E1,-1.7E0,-2.2E0));
#1987=VERTEX_POINT('',#1986);
#1988=VERTEX_POINT('',#505);
#1989=CARTESIAN_POINT('',(1.055E1,-1.4E0,-2.2E0));
#1990=VERTEX_POINT('',#1989);
#1991=CARTESIAN_POINT('',(-5.5E0,1.95E0,-9.6E0));
#1992=VERTEX_POINT('',#1991);
#1993=CARTESIAN_POINT('',(-3.885E0,1.95E0,-3.853913266728E0));
#1994=VERTEX_POINT('',#1993);
#1995=CARTESIAN_POINT('',(3.75E0,1.4E0,-1.495E1));
#1996=VERTEX_POINT('',#1995);
#1997=CARTESIAN_POINT('',(-3.91E0,-1.05E0,-6.5E0));
#1998=VERTEX_POINT('',#1997);
#1999=CARTESIAN_POINT('',(-2.E-1,1.95E0,-1.175E1));
#2000=VERTEX_POINT('',#1999);
#2001=CARTESIAN_POINT('',(-1.055E1,-1.65E0,-9.4E0));
#2002=VERTEX_POINT('',#2001);
#2003=CARTESIAN_POINT('',(-1.E1,1.7E0,1.E-1));
#2004=CARTESIAN_POINT('',(-1.E1,1.95E0,1.E-1));
#2005=VERTEX_POINT('',#2003);
#2006=VERTEX_POINT('',#2004);
#2007=CARTESIAN_POINT('',(3.91E0,-7.687214064973E-1,-5.206625318407E0));
#2008=VERTEX_POINT('',#2007);
#2009=VERTEX_POINT('',#556);
#2010=VERTEX_POINT('',#563);
#2011=CARTESIAN_POINT('',(2.E-1,1.85E0,-1.175E1));
#2012=VERTEX_POINT('',#2011);
#2013=CARTESIAN_POINT('',(1.E1,1.95E0,-9.824632352941E0));
#2014=VERTEX_POINT('',#2013);
#2015=CARTESIAN_POINT('',(1.03E1,1.7E0,1.E-1));
#2016=CARTESIAN_POINT('',(1.03E1,1.7E0,1.597926619566E0));
#2017=VERTEX_POINT('',#2015);
#2018=VERTEX_POINT('',#2016);
#2019=CARTESIAN_POINT('',(-1.085E1,-1.95E0,-2.2E0));
#2020=VERTEX_POINT('',#2019);
#2021=CARTESIAN_POINT('',(-1.525E1,-1.95E0,-2.2E0));
#2022=VERTEX_POINT('',#2021);
#2023=CARTESIAN_POINT('',(3.75E0,-1.35E0,-1.52E1));
#2024=VERTEX_POINT('',#2023);
#2025=CARTESIAN_POINT('',(1.25E0,1.85E0,-1.215E1));
#2026=CARTESIAN_POINT('',(1.25E0,1.85E0,-1.175E1));
#2027=VERTEX_POINT('',#2025);
#2028=VERTEX_POINT('',#2026);
#2029=CARTESIAN_POINT('',(3.983330305198E0,1.7E0,-1.446985527907E1));
#2030=VERTEX_POINT('',#2029);
#2031=CARTESIAN_POINT('',(1.03E1,-1.4E0,-2.2E0));
#2032=VERTEX_POINT('',#2031);
#2033=CARTESIAN_POINT('',(-2.E-1,1.95E0,-1.215E1));
#2034=CARTESIAN_POINT('',(-2.E-1,1.85E0,-1.215E1));
#2035=VERTEX_POINT('',#2033);
#2036=VERTEX_POINT('',#2034);
#2037=CARTESIAN_POINT('',(1.03E1,-1.95E0,-3.E-1));
#2038=VERTEX_POINT('',#2037);
#2039=CARTESIAN_POINT('',(-2.E-1,1.85E0,-1.175E1));
#2040=VERTEX_POINT('',#2039);
#2041=CARTESIAN_POINT('',(-1.055E1,1.4E0,-9.4E0));
#2042=VERTEX_POINT('',#2041);
#2043=CARTESIAN_POINT('',(7.09E0,-1.05E0,-6.5E0));
#2044=VERTEX_POINT('',#2043);
#2045=CARTESIAN_POINT('',(-1.03E1,-1.1E0,-7.4E0));
#2046=VERTEX_POINT('',#2045);
#2047=CARTESIAN_POINT('',(-7.09E0,-1.05E0,-5.34E0));
#2048=VERTEX_POINT('',#2047);
#2049=CARTESIAN_POINT('',(-3.885E0,1.95E0,3.875E-1));
#2050=VERTEX_POINT('',#2049);
#2051=CARTESIAN_POINT('',(-2.E-1,1.85E0,-1.07E1));
#2052=VERTEX_POINT('',#2051);
#2053=CARTESIAN_POINT('',(7.297926619566E0,1.95E0,4.6E0));
#2054=VERTEX_POINT('',#2053);
#2055=CARTESIAN_POINT('',(-1.18E1,-1.95E0,-4.75E0));
#2056=CARTESIAN_POINT('',(-1.42E1,-1.95E0,-4.75E0));
#2057=VERTEX_POINT('',#2055);
#2058=VERTEX_POINT('',#2056);
#2059=CARTESIAN_POINT('',(-7.1025E0,1.95E0,4.E-1));
#2060=CARTESIAN_POINT('',(-3.8975E0,1.95E0,4.E-1));
#2061=VERTEX_POINT('',#2059);
#2062=VERTEX_POINT('',#2060);
#2063=CARTESIAN_POINT('',(1.055E1,-1.95E0,-7.4E0));
#2064=VERTEX_POINT('',#2063);
#2065=CARTESIAN_POINT('',(1.525E1,-1.95E0,-2.2E0));
#2066=VERTEX_POINT('',#2065);
#2067=CARTESIAN_POINT('',(-1.E1,1.95E0,0.E0));
#2068=VERTEX_POINT('',#2067);
#2069=CARTESIAN_POINT('',(1.055E1,-1.4E0,-7.3E0));
#2070=VERTEX_POINT('',#2069);
#2071=CARTESIAN_POINT('',(3.75E0,-1.35E0,-1.495E1));
#2072=VERTEX_POINT('',#2071);
#2073=CARTESIAN_POINT('',(1.03E1,-1.95E0,-2.1E0));
#2074=VERTEX_POINT('',#2073);
#2075=CARTESIAN_POINT('',(-3.983330305198E0,1.7E0,-1.446985527907E1));
#2076=VERTEX_POINT('',#2075);
#2077=CARTESIAN_POINT('',(-3.75E0,1.4E0,-1.495E1));
#2078=VERTEX_POINT('',#2077);
#2079=CARTESIAN_POINT('',(-1.03E1,-1.4E0,-2.2E0));
#2080=VERTEX_POINT('',#2079);
#2081=CARTESIAN_POINT('',(3.91E0,1.949857936198E0,3.875E-1));
#2082=VERTEX_POINT('',#2081);
#2083=CARTESIAN_POINT('',(7.115E0,1.95E0,3.875E-1));
#2084=VERTEX_POINT('',#2083);
#2085=CARTESIAN_POINT('',(1.055E1,-1.1E0,-7.4E0));
#2086=VERTEX_POINT('',#2085);
#2087=CARTESIAN_POINT('',(1.055E1,-1.1E0,-2.2E0));
#2088=VERTEX_POINT('',#2087);
#2089=CARTESIAN_POINT('',(-1.42E1,-1.7E0,-4.75E0));
#2090=VERTEX_POINT('',#2089);
#2091=CARTESIAN_POINT('',(-1.E1,1.7E0,0.E0));
#2092=VERTEX_POINT('',#2091);
#2093=CARTESIAN_POINT('',(1.03E1,-1.1E0,-7.3E0));
#2094=VERTEX_POINT('',#2093);
#2095=CARTESIAN_POINT('',(-1.18E1,-1.7E0,-4.75E0));
#2096=VERTEX_POINT('',#2095);
#2097=CARTESIAN_POINT('',(-7.09E0,1.892655911912E0,1.554797504124E-1));
#2098=VERTEX_POINT('',#2097);
#2099=CARTESIAN_POINT('',(2.E-1,1.85E0,-1.07E1));
#2100=VERTEX_POINT('',#2099);
#2101=CARTESIAN_POINT('',(7.09E0,-1.05E0,-5.34E0));
#2102=VERTEX_POINT('',#2101);
#2103=CARTESIAN_POINT('',(1.055E1,-1.1E0,-7.3E0));
#2104=VERTEX_POINT('',#2103);
#2105=CARTESIAN_POINT('',(7.09E0,1.4E0,4.E-1));
#2106=DIRECTION('',(-1.E0,0.E0,0.E0));
#2107=DIRECTION('',(0.E0,0.E0,1.E0));
#2108=AXIS2_PLACEMENT_3D('',#2105,#2106,#2107);
#2109=CYLINDRICAL_SURFACE('',#2108,5.5E-1);
#2111=ORIENTED_EDGE('',*,*,#2110,.T.);
#2113=ORIENTED_EDGE('',*,*,#2112,.F.);
#2115=ORIENTED_EDGE('',*,*,#2114,.T.);
#2117=ORIENTED_EDGE('',*,*,#2116,.T.);
#2119=ORIENTED_EDGE('',*,*,#2118,.F.);
#2121=ORIENTED_EDGE('',*,*,#2120,.T.);
#2122=EDGE_LOOP('',(#2111,#2113,#2115,#2117,#2119,#2121));
#2123=FACE_OUTER_BOUND('',#2122,.F.);
#2125=CARTESIAN_POINT('',(3.91E0,1.668721406497E0,2.666253184068E-1));
#2126=DIRECTION('',(-1.E0,0.E0,0.E0));
#2127=DIRECTION('',(0.E0,0.E0,1.E0));
#2128=AXIS2_PLACEMENT_3D('',#2125,#2126,#2127);
#2129=PLANE('',#2128);
#2131=ORIENTED_EDGE('',*,*,#2130,.F.);
#2133=ORIENTED_EDGE('',*,*,#2132,.F.);
#2134=ORIENTED_EDGE('',*,*,#2110,.F.);
#2136=ORIENTED_EDGE('',*,*,#2135,.T.);
#2137=EDGE_LOOP('',(#2131,#2133,#2134,#2136));
#2138=FACE_OUTER_BOUND('',#2137,.F.);
#2140=CARTESIAN_POINT('',(7.09E0,1.4E0,4.E-1));
#2141=DIRECTION('',(-1.E0,0.E0,0.E0));
#2142=DIRECTION('',(0.E0,0.E0,1.E0));
#2143=AXIS2_PLACEMENT_3D('',#2140,#2141,#2142);
#2144=CYLINDRICAL_SURFACE('',#2143,3.E-1);
#2146=ORIENTED_EDGE('',*,*,#2145,.F.);
#2148=ORIENTED_EDGE('',*,*,#2147,.T.);
#2150=ORIENTED_EDGE('',*,*,#2149,.T.);
#2152=ORIENTED_EDGE('',*,*,#2151,.F.);
#2153=ORIENTED_EDGE('',*,*,#2130,.T.);
#2155=ORIENTED_EDGE('',*,*,#2154,.T.);
#2156=EDGE_LOOP('',(#2146,#2148,#2150,#2152,#2153,#2155));
#2157=FACE_OUTER_BOUND('',#2156,.F.);
#2159=CARTESIAN_POINT('',(0.E0,1.7E0,9.15E0));
#2160=DIRECTION('',(0.E0,1.E0,0.E0));
#2161=DIRECTION('',(0.E0,0.E0,1.E0));
#2162=AXIS2_PLACEMENT_3D('',#2159,#2160,#2161);
#2163=PLANE('',#2162);
#2165=ORIENTED_EDGE('',*,*,#2164,.F.);
#2167=ORIENTED_EDGE('',*,*,#2166,.F.);
#2169=ORIENTED_EDGE('',*,*,#2168,.T.);
#2171=ORIENTED_EDGE('',*,*,#2170,.F.);
#2173=ORIENTED_EDGE('',*,*,#2172,.F.);
#2175=ORIENTED_EDGE('',*,*,#2174,.T.);
#2177=ORIENTED_EDGE('',*,*,#2176,.T.);
#2179=ORIENTED_EDGE('',*,*,#2178,.F.);
#2181=ORIENTED_EDGE('',*,*,#2180,.T.);
#2183=ORIENTED_EDGE('',*,*,#2182,.T.);
#2185=ORIENTED_EDGE('',*,*,#2184,.F.);
#2187=ORIENTED_EDGE('',*,*,#2186,.F.);
#2189=ORIENTED_EDGE('',*,*,#2188,.F.);
#2191=ORIENTED_EDGE('',*,*,#2190,.F.);
#2193=ORIENTED_EDGE('',*,*,#2192,.F.);
#2195=ORIENTED_EDGE('',*,*,#2194,.F.);
#2197=ORIENTED_EDGE('',*,*,#2196,.F.);
#2199=ORIENTED_EDGE('',*,*,#2198,.T.);
#2201=ORIENTED_EDGE('',*,*,#2200,.F.);
#2203=ORIENTED_EDGE('',*,*,#2202,.T.);
#2205=ORIENTED_EDGE('',*,*,#2204,.T.);
#2206=EDGE_LOOP('',(#2165,#2167,#2169,#2171,#2173,#2175,#2177,#2179,#2181,#2183,
#2185,#2187,#2189,#2191,#2193,#2195,#2197,#2199,#2201,#2203,#2205));
#2207=FACE_OUTER_BOUND('',#2206,.F.);
#2209=ORIENTED_EDGE('',*,*,#2208,.T.);
#2211=ORIENTED_EDGE('',*,*,#2210,.F.);
#2213=ORIENTED_EDGE('',*,*,#2212,.F.);
#2215=ORIENTED_EDGE('',*,*,#2214,.F.);
#2217=ORIENTED_EDGE('',*,*,#2216,.F.);
#2219=ORIENTED_EDGE('',*,*,#2218,.F.);
#2221=ORIENTED_EDGE('',*,*,#2220,.F.);
#2222=EDGE_LOOP('',(#2209,#2211,#2213,#2215,#2217,#2219,#2221));
#2223=FACE_BOUND('',#2222,.F.);
#2224=ORIENTED_EDGE('',*,*,#2145,.T.);
#2226=ORIENTED_EDGE('',*,*,#2225,.F.);
#2228=ORIENTED_EDGE('',*,*,#2227,.T.);
#2230=ORIENTED_EDGE('',*,*,#2229,.F.);
#2232=ORIENTED_EDGE('',*,*,#2231,.F.);
#2234=ORIENTED_EDGE('',*,*,#2233,.T.);
#2236=ORIENTED_EDGE('',*,*,#2235,.F.);
#2237=EDGE_LOOP('',(#2224,#2226,#2228,#2230,#2232,#2234,#2236));
#2238=FACE_BOUND('',#2237,.F.);
#2240=CARTESIAN_POINT('',(3.75E0,-1.951E0,-1.465E1));
#2241=DIRECTION('',(-6.111161580026E-1,0.E0,7.915409284605E-1));
#2242=DIRECTION('',(7.915409284605E-1,0.E0,6.111161580026E-1));
#2243=AXIS2_PLACEMENT_3D('',#2240,#2241,#2242);
#2244=PLANE('',#2243);
#2246=ORIENTED_EDGE('',*,*,#2245,.T.);
#2248=ORIENTED_EDGE('',*,*,#2247,.T.);
#2249=ORIENTED_EDGE('',*,*,#2164,.T.);
#2251=ORIENTED_EDGE('',*,*,#2250,.T.);
#2252=EDGE_LOOP('',(#2246,#2248,#2249,#2251));
#2253=FACE_OUTER_BOUND('',#2252,.F.);
#2255=CARTESIAN_POINT('',(0.E0,1.95E0,9.15E0));
#2256=DIRECTION('',(0.E0,1.E0,0.E0));
#2257=DIRECTION('',(0.E0,0.E0,1.E0));
#2258=AXIS2_PLACEMENT_3D('',#2255,#2256,#2257);
#2259=PLANE('',#2258);
#2261=ORIENTED_EDGE('',*,*,#2260,.F.);
#2263=ORIENTED_EDGE('',*,*,#2262,.T.);
#2265=ORIENTED_EDGE('',*,*,#2264,.F.);
#2267=ORIENTED_EDGE('',*,*,#2266,.F.);
#2269=ORIENTED_EDGE('',*,*,#2268,.T.);
#2271=ORIENTED_EDGE('',*,*,#2270,.F.);
#2273=ORIENTED_EDGE('',*,*,#2272,.F.);
#2275=ORIENTED_EDGE('',*,*,#2274,.F.);
#2277=ORIENTED_EDGE('',*,*,#2276,.F.);
#2279=ORIENTED_EDGE('',*,*,#2278,.F.);
#2281=ORIENTED_EDGE('',*,*,#2280,.F.);
#2283=ORIENTED_EDGE('',*,*,#2282,.F.);
#2285=ORIENTED_EDGE('',*,*,#2284,.F.);
#2287=ORIENTED_EDGE('',*,*,#2286,.F.);
#2289=ORIENTED_EDGE('',*,*,#2288,.T.);
#2291=ORIENTED_EDGE('',*,*,#2290,.F.);
#2293=ORIENTED_EDGE('',*,*,#2292,.F.);
#2295=ORIENTED_EDGE('',*,*,#2294,.F.);
#2297=ORIENTED_EDGE('',*,*,#2296,.T.);
#2299=ORIENTED_EDGE('',*,*,#2298,.F.);
#2300=ORIENTED_EDGE('',*,*,#2245,.F.);
#2301=EDGE_LOOP('',(#2261,#2263,#2265,#2267,#2269,#2271,#2273,#2275,#2277,#2279,
#2281,#2283,#2285,#2287,#2289,#2291,#2293,#2295,#2297,#2299,#2300));
#2302=FACE_OUTER_BOUND('',#2301,.F.);
#2304=ORIENTED_EDGE('',*,*,#2303,.T.);
#2306=ORIENTED_EDGE('',*,*,#2305,.F.);
#2308=ORIENTED_EDGE('',*,*,#2307,.F.);
#2310=ORIENTED_EDGE('',*,*,#2309,.F.);
#2312=ORIENTED_EDGE('',*,*,#2311,.F.);
#2314=ORIENTED_EDGE('',*,*,#2313,.F.);
#2316=ORIENTED_EDGE('',*,*,#2315,.T.);
#2318=ORIENTED_EDGE('',*,*,#2317,.T.);
#2320=ORIENTED_EDGE('',*,*,#2319,.T.);
#2322=ORIENTED_EDGE('',*,*,#2321,.T.);
#2324=ORIENTED_EDGE('',*,*,#2323,.T.);
#2326=ORIENTED_EDGE('',*,*,#2325,.T.);
#2327=EDGE_LOOP('',(#2304,#2306,#2308,#2310,#2312,#2314,#2316,#2318,#2320,#2322,
#2324,#2326));
#2328=FACE_BOUND('',#2327,.F.);
#2330=ORIENTED_EDGE('',*,*,#2329,.F.);
#2332=ORIENTED_EDGE('',*,*,#2331,.T.);
#2334=ORIENTED_EDGE('',*,*,#2333,.F.);
#2336=ORIENTED_EDGE('',*,*,#2335,.T.);
#2338=ORIENTED_EDGE('',*,*,#2337,.F.);
#2340=ORIENTED_EDGE('',*,*,#2339,.T.);
#2342=ORIENTED_EDGE('',*,*,#2341,.F.);
#2343=EDGE_LOOP('',(#2330,#2332,#2334,#2336,#2338,#2340,#2342));
#2344=FACE_BOUND('',#2343,.F.);
#2346=ORIENTED_EDGE('',*,*,#2345,.F.);
#2348=ORIENTED_EDGE('',*,*,#2347,.F.);
#2350=ORIENTED_EDGE('',*,*,#2349,.F.);
#2351=ORIENTED_EDGE('',*,*,#2118,.T.);
#2353=ORIENTED_EDGE('',*,*,#2352,.F.);
#2355=ORIENTED_EDGE('',*,*,#2354,.F.);
#2357=ORIENTED_EDGE('',*,*,#2356,.F.);
#2358=EDGE_LOOP('',(#2346,#2348,#2350,#2351,#2353,#2355,#2357));
#2359=FACE_BOUND('',#2358,.F.);
#2361=CARTESIAN_POINT('',(1.E1,-8.05E0,-9.4E0));
#2362=DIRECTION('',(-1.E0,0.E0,0.E0));
#2363=DIRECTION('',(0.E0,0.E0,1.E0));
#2364=AXIS2_PLACEMENT_3D('',#2361,#2362,#2363);
#2365=PLANE('',#2364);
#2366=ORIENTED_EDGE('',*,*,#2250,.F.);
#2367=ORIENTED_EDGE('',*,*,#2204,.F.);
#2369=ORIENTED_EDGE('',*,*,#2368,.F.);
#2370=ORIENTED_EDGE('',*,*,#2260,.T.);
#2371=EDGE_LOOP('',(#2366,#2367,#2369,#2370));
#2372=FACE_OUTER_BOUND('',#2371,.F.);
#2374=CARTESIAN_POINT('',(1.E1,1.95E0,-9.4E0));
#2375=DIRECTION('',(0.E0,0.E0,-1.E0));
#2376=DIRECTION('',(-1.E0,0.E0,0.E0));
#2377=AXIS2_PLACEMENT_3D('',#2374,#2375,#2376);
#2378=PLANE('',#2377);
#2380=ORIENTED_EDGE('',*,*,#2379,.F.);
#2382=ORIENTED_EDGE('',*,*,#2381,.F.);
#2384=ORIENTED_EDGE('',*,*,#2383,.T.);
#2386=ORIENTED_EDGE('',*,*,#2385,.T.);
#2388=ORIENTED_EDGE('',*,*,#2387,.F.);
#2389=ORIENTED_EDGE('',*,*,#2368,.T.);
#2390=EDGE_LOOP('',(#2380,#2382,#2384,#2386,#2388,#2389));
#2391=FACE_OUTER_BOUND('',#2390,.F.);
#2393=CARTESIAN_POINT('',(1.E1,1.4E0,-9.4E0));
#2394=DIRECTION('',(0.E0,0.E0,1.E0));
#2395=DIRECTION('',(1.E0,0.E0,0.E0));
#2396=AXIS2_PLACEMENT_3D('',#2393,#2394,#2395);
#2397=CYLINDRICAL_SURFACE('',#2396,3.E-1);
#2399=ORIENTED_EDGE('',*,*,#2398,.T.);
#2401=ORIENTED_EDGE('',*,*,#2400,.F.);
#2402=ORIENTED_EDGE('',*,*,#2379,.T.);
#2403=ORIENTED_EDGE('',*,*,#2202,.F.);
#2404=EDGE_LOOP('',(#2399,#2401,#2402,#2403));
#2405=FACE_OUTER_BOUND('',#2404,.F.);
#2407=CARTESIAN_POINT('',(1.055E1,1.4E0,0.E0));
#2408=DIRECTION('',(0.E0,0.E0,1.E0));
#2409=DIRECTION('',(1.E0,0.E0,0.E0));
#2410=AXIS2_PLACEMENT_3D('',#2407,#2408,#2409);
#2411=PLANE('',#2410);
#2413=ORIENTED_EDGE('',*,*,#2412,.T.);
#2415=ORIENTED_EDGE('',*,*,#2414,.F.);
#2417=ORIENTED_EDGE('',*,*,#2416,.F.);
#2418=ORIENTED_EDGE('',*,*,#2398,.F.);
#2419=EDGE_LOOP('',(#2413,#2415,#2417,#2418));
#2420=FACE_OUTER_BOUND('',#2419,.F.);
#2422=CARTESIAN_POINT('',(1.E1,-8.05E0,5.E-2));
#2423=DIRECTION('',(0.E0,1.E0,0.E0));
#2424=DIRECTION('',(0.E0,0.E0,1.E0));
#2425=AXIS2_PLACEMENT_3D('',#2422,#2423,#2424);
#2426=CYLINDRICAL_SURFACE('',#2425,5.E-2);
#2427=ORIENTED_EDGE('',*,*,#2412,.F.);
#2428=ORIENTED_EDGE('',*,*,#2200,.T.);
#2430=ORIENTED_EDGE('',*,*,#2429,.F.);
#2431=ORIENTED_EDGE('',*,*,#2264,.T.);
#2432=EDGE_LOOP('',(#2427,#2428,#2430,#2431));
#2433=FACE_OUTER_BOUND('',#2432,.F.);
#2435=CARTESIAN_POINT('',(1.03E1,-8.05E0,1.E-1));
#2436=DIRECTION('',(0.E0,0.E0,1.E0));
#2437=DIRECTION('',(1.E0,0.E0,0.E0));
#2438=AXIS2_PLACEMENT_3D('',#2435,#2436,#2437);
#2439=PLANE('',#2438);
#2440=ORIENTED_EDGE('',*,*,#2429,.T.);
#2441=ORIENTED_EDGE('',*,*,#2198,.F.);
#2443=ORIENTED_EDGE('',*,*,#2442,.F.);
#2444=ORIENTED_EDGE('',*,*,#2266,.T.);
#2445=EDGE_LOOP('',(#2440,#2441,#2443,#2444));
#2446=FACE_OUTER_BOUND('',#2445,.F.);
#2448=CARTESIAN_POINT('',(1.03E1,1.7E0,-3.552713678801E-14));
#2449=DIRECTION('',(1.E0,0.E0,0.E0));
#2450=DIRECTION('',(0.E0,0.E0,-1.E0));
#2451=AXIS2_PLACEMENT_3D('',#2448,#2449,#2450);
#2452=PLANE('',#2451);
#2453=ORIENTED_EDGE('',*,*,#2442,.T.);
#2454=ORIENTED_EDGE('',*,*,#2196,.T.);
#2456=ORIENTED_EDGE('',*,*,#2455,.T.);
#2457=ORIENTED_EDGE('',*,*,#2268,.F.);
#2458=EDGE_LOOP('',(#2453,#2454,#2456,#2457));
#2459=FACE_OUTER_BOUND('',#2458,.F.);
#2461=CARTESIAN_POINT('',(7.297926619566E0,1.7E0,1.597926619566E0));
#2462=DIRECTION('',(0.E0,1.E0,0.E0));
#2463=DIRECTION('',(0.E0,0.E0,1.E0));
#2464=AXIS2_PLACEMENT_3D('',#2461,#2462,#2463);
#2465=CYLINDRICAL_SURFACE('',#2464,3.002073380434E0);
#2467=ORIENTED_EDGE('',*,*,#2466,.F.);
#2468=ORIENTED_EDGE('',*,*,#2270,.T.);
#2469=ORIENTED_EDGE('',*,*,#2455,.F.);
#2470=ORIENTED_EDGE('',*,*,#2194,.T.);
#2471=EDGE_LOOP('',(#2467,#2468,#2469,#2470));
#2472=FACE_OUTER_BOUND('',#2471,.F.);
#2474=CARTESIAN_POINT('',(7.297926619566E0,1.7E0,1.597926619566E0));
#2475=DIRECTION('',(0.E0,1.E0,0.E0));
#2476=DIRECTION('',(0.E0,0.E0,1.E0));
#2477=AXIS2_PLACEMENT_3D('',#2474,#2475,#2476);
#2478=CYLINDRICAL_SURFACE('',#2477,3.002073380434E0);
#2479=ORIENTED_EDGE('',*,*,#2192,.T.);
#2481=ORIENTED_EDGE('',*,*,#2480,.F.);
#2482=ORIENTED_EDGE('',*,*,#2272,.T.);
#2483=ORIENTED_EDGE('',*,*,#2466,.T.);
#2484=EDGE_LOOP('',(#2479,#2481,#2482,#2483));
#2485=FACE_OUTER_BOUND('',#2484,.F.);
#2487=CARTESIAN_POINT('',(0.E0,1.7E0,9.15E0));
#2488=DIRECTION('',(0.E0,1.E0,0.E0));
#2489=DIRECTION('',(0.E0,0.E0,1.E0));
#2490=AXIS2_PLACEMENT_3D('',#2487,#2488,#2489);
#2491=CYLINDRICAL_SURFACE('',#2490,7.5E0);
#2492=ORIENTED_EDGE('',*,*,#2274,.T.);
#2493=ORIENTED_EDGE('',*,*,#2480,.T.);
#2494=ORIENTED_EDGE('',*,*,#2190,.T.);
#2495=ORIENTED_EDGE('',*,*,#2188,.T.);
#2497=ORIENTED_EDGE('',*,*,#2496,.F.);
#2498=ORIENTED_EDGE('',*,*,#2276,.T.);
#2499=EDGE_LOOP('',(#2492,#2493,#2494,#2495,#2497,#2498));
#2500=FACE_OUTER_BOUND('',#2499,.F.);
#2502=CARTESIAN_POINT('',(-7.297926619566E0,1.7E0,1.597926619566E0));
#2503=DIRECTION('',(0.E0,1.E0,0.E0));
#2504=DIRECTION('',(0.E0,0.E0,1.E0));
#2505=AXIS2_PLACEMENT_3D('',#2502,#2503,#2504);
#2506=CYLINDRICAL_SURFACE('',#2505,3.002073380434E0);
#2508=ORIENTED_EDGE('',*,*,#2507,.F.);
#2509=ORIENTED_EDGE('',*,*,#2278,.T.);
#2510=ORIENTED_EDGE('',*,*,#2496,.T.);
#2511=ORIENTED_EDGE('',*,*,#2186,.T.);
#2512=EDGE_LOOP('',(#2508,#2509,#2510,#2511));
#2513=FACE_OUTER_BOUND('',#2512,.F.);
#2515=CARTESIAN_POINT('',(-7.297926619566E0,1.7E0,1.597926619566E0));
#2516=DIRECTION('',(0.E0,1.E0,0.E0));
#2517=DIRECTION('',(0.E0,0.E0,1.E0));
#2518=AXIS2_PLACEMENT_3D('',#2515,#2516,#2517);
#2519=CYLINDRICAL_SURFACE('',#2518,3.002073380434E0);
#2520=ORIENTED_EDGE('',*,*,#2184,.T.);
#2522=ORIENTED_EDGE('',*,*,#2521,.F.);
#2523=ORIENTED_EDGE('',*,*,#2280,.T.);
#2524=ORIENTED_EDGE('',*,*,#2507,.T.);
#2525=EDGE_LOOP('',(#2520,#2522,#2523,#2524));
#2526=FACE_OUTER_BOUND('',#2525,.F.);
#2528=CARTESIAN_POINT('',(-1.03E1,1.7E0,-3.552713678801E-14));
#2529=DIRECTION('',(-1.E0,0.E0,0.E0));
#2530=DIRECTION('',(0.E0,0.E0,-1.E0));
#2531=AXIS2_PLACEMENT_3D('',#2528,#2529,#2530);
#2532=PLANE('',#2531);
#2534=ORIENTED_EDGE('',*,*,#2533,.F.);
#2535=ORIENTED_EDGE('',*,*,#2282,.T.);
#2536=ORIENTED_EDGE('',*,*,#2521,.T.);
#2537=ORIENTED_EDGE('',*,*,#2182,.F.);
#2538=EDGE_LOOP('',(#2534,#2535,#2536,#2537));
#2539=FACE_OUTER_BOUND('',#2538,.F.);
#2541=CARTESIAN_POINT('',(-1.03E1,-8.05E0,1.E-1));
#2542=DIRECTION('',(0.E0,0.E0,1.E0));
#2543=DIRECTION('',(1.E0,0.E0,0.E0));
#2544=AXIS2_PLACEMENT_3D('',#2541,#2542,#2543);
#2545=PLANE('',#2544);
#2546=ORIENTED_EDGE('',*,*,#2533,.T.);
#2547=ORIENTED_EDGE('',*,*,#2180,.F.);
#2549=ORIENTED_EDGE('',*,*,#2548,.T.);
#2550=ORIENTED_EDGE('',*,*,#2284,.T.);
#2551=EDGE_LOOP('',(#2546,#2547,#2549,#2550));
#2552=FACE_OUTER_BOUND('',#2551,.F.);
#2554=CARTESIAN_POINT('',(-1.E1,-8.05E0,5.E-2));
#2555=DIRECTION('',(0.E0,1.E0,0.E0));
#2556=DIRECTION('',(0.E0,0.E0,1.E0));
#2557=AXIS2_PLACEMENT_3D('',#2554,#2555,#2556);
#2558=CYLINDRICAL_SURFACE('',#2557,5.E-2);
#2559=ORIENTED_EDGE('',*,*,#2548,.F.);
#2560=ORIENTED_EDGE('',*,*,#2178,.T.);
#2562=ORIENTED_EDGE('',*,*,#2561,.F.);
#2563=ORIENTED_EDGE('',*,*,#2286,.T.);
#2564=EDGE_LOOP('',(#2559,#2560,#2562,#2563));
#2565=FACE_OUTER_BOUND('',#2564,.F.);
#2567=CARTESIAN_POINT('',(-1.055E1,1.4E0,0.E0));
#2568=DIRECTION('',(0.E0,0.E0,1.E0));
#2569=DIRECTION('',(-1.E0,0.E0,0.E0));
#2570=AXIS2_PLACEMENT_3D('',#2567,#2568,#2569);
#2571=PLANE('',#2570);
#2573=ORIENTED_EDGE('',*,*,#2572,.F.);
#2575=ORIENTED_EDGE('',*,*,#2574,.T.);
#2577=ORIENTED_EDGE('',*,*,#2576,.F.);
#2578=ORIENTED_EDGE('',*,*,#2561,.T.);
#2579=EDGE_LOOP('',(#2573,#2575,#2577,#2578));
#2580=FACE_OUTER_BOUND('',#2579,.F.);
#2582=CARTESIAN_POINT('',(-1.E1,1.4E0,-9.4E0));
#2583=DIRECTION('',(0.E0,0.E0,1.E0));
#2584=DIRECTION('',(-1.E0,0.E0,0.E0));
#2585=AXIS2_PLACEMENT_3D('',#2582,#2583,#2584);
#2586=CYLINDRICAL_SURFACE('',#2585,3.E-1);
#2587=ORIENTED_EDGE('',*,*,#2572,.T.);
#2588=ORIENTED_EDGE('',*,*,#2176,.F.);
#2590=ORIENTED_EDGE('',*,*,#2589,.T.);
#2592=ORIENTED_EDGE('',*,*,#2591,.F.);
#2593=EDGE_LOOP('',(#2587,#2588,#2590,#2592));
#2594=FACE_OUTER_BOUND('',#2593,.F.);
#2596=CARTESIAN_POINT('',(-1.E1,1.95E0,-9.4E0));
#2597=DIRECTION('',(0.E0,0.E0,-1.E0));
#2598=DIRECTION('',(1.E0,0.E0,0.E0));
#2599=AXIS2_PLACEMENT_3D('',#2596,#2597,#2598);
#2600=PLANE('',#2599);
#2601=ORIENTED_EDGE('',*,*,#2589,.F.);
#2603=ORIENTED_EDGE('',*,*,#2602,.F.);
#2605=ORIENTED_EDGE('',*,*,#2604,.F.);
#2607=ORIENTED_EDGE('',*,*,#2606,.F.);
#2609=ORIENTED_EDGE('',*,*,#2608,.T.);
#2611=ORIENTED_EDGE('',*,*,#2610,.T.);
#2612=EDGE_LOOP('',(#2601,#2603,#2605,#2607,#2609,#2611));
#2613=FACE_OUTER_BOUND('',#2612,.F.);
#2615=CARTESIAN_POINT('',(-1.E1,-8.05E0,-9.4E0));
#2616=DIRECTION('',(1.E0,0.E0,0.E0));
#2617=DIRECTION('',(0.E0,0.E0,-1.E0));
#2618=AXIS2_PLACEMENT_3D('',#2615,#2616,#2617);
#2619=PLANE('',#2618);
#2620=ORIENTED_EDGE('',*,*,#2602,.T.);
#2621=ORIENTED_EDGE('',*,*,#2174,.F.);
#2623=ORIENTED_EDGE('',*,*,#2622,.F.);
#2624=ORIENTED_EDGE('',*,*,#2290,.T.);
#2625=EDGE_LOOP('',(#2620,#2621,#2623,#2624));
#2626=FACE_OUTER_BOUND('',#2625,.F.);
#2628=CARTESIAN_POINT('',(-3.75E0,-1.951E0,-1.465E1));
#2629=DIRECTION('',(6.111161580026E-1,0.E0,7.915409284605E-1));
#2630=DIRECTION('',(-7.915409284605E-1,0.E0,6.111161580026E-1));
#2631=AXIS2_PLACEMENT_3D('',#2628,#2629,#2630);
#2632=PLANE('',#2631);
#2633=ORIENTED_EDGE('',*,*,#2172,.T.);
#2635=ORIENTED_EDGE('',*,*,#2634,.T.);
#2636=ORIENTED_EDGE('',*,*,#2292,.T.);
#2637=ORIENTED_EDGE('',*,*,#2622,.T.);
#2638=EDGE_LOOP('',(#2633,#2635,#2636,#2637));
#2639=FACE_OUTER_BOUND('',#2638,.F.);
#2641=CARTESIAN_POINT('',(-4.35E0,-1.951E0,-1.494477983615E1));
#2642=DIRECTION('',(0.E0,1.E0,0.E0));
#2643=DIRECTION('',(0.E0,0.E0,1.E0));
#2644=AXIS2_PLACEMENT_3D('',#2641,#2642,#2643);
#2645=CYLINDRICAL_SURFACE('',#2644,6.E-1);
#2647=ORIENTED_EDGE('',*,*,#2646,.T.);
#2649=ORIENTED_EDGE('',*,*,#2648,.F.);
#2651=ORIENTED_EDGE('',*,*,#2650,.T.);
#2652=ORIENTED_EDGE('',*,*,#2294,.T.);
#2653=ORIENTED_EDGE('',*,*,#2634,.F.);
#2654=ORIENTED_EDGE('',*,*,#2170,.T.);
#2655=EDGE_LOOP('',(#2647,#2649,#2651,#2652,#2653,#2654));
#2656=FACE_OUTER_BOUND('',#2655,.F.);
#2658=CARTESIAN_POINT('',(-3.75E0,1.4E0,-1.465E1));
#2659=DIRECTION('',(1.E0,0.E0,0.E0));
#2660=DIRECTION('',(0.E0,0.E0,1.E0));
#2661=AXIS2_PLACEMENT_3D('',#2658,#2659,#2660);
#2662=CYLINDRICAL_SURFACE('',#2661,3.E-1);
#2664=ORIENTED_EDGE('',*,*,#2663,.F.);
#2666=ORIENTED_EDGE('',*,*,#2665,.T.);
#2667=ORIENTED_EDGE('',*,*,#2646,.F.);
#2668=ORIENTED_EDGE('',*,*,#2168,.F.);
#2670=ORIENTED_EDGE('',*,*,#2669,.T.);
#2672=ORIENTED_EDGE('',*,*,#2671,.T.);
#2673=EDGE_LOOP('',(#2664,#2666,#2667,#2668,#2670,#2672));
#2674=FACE_OUTER_BOUND('',#2673,.F.);
#2676=CARTESIAN_POINT('',(-3.75E0,1.4E0,-1.495E1));
#2677=DIRECTION('',(0.E0,0.E0,-1.E0));
#2678=DIRECTION('',(1.E0,0.E0,0.E0));
#2679=AXIS2_PLACEMENT_3D('',#2676,#2677,#2678);
#2680=PLANE('',#2679);
#2682=ORIENTED_EDGE('',*,*,#2681,.T.);
#2684=ORIENTED_EDGE('',*,*,#2683,.T.);
#2685=ORIENTED_EDGE('',*,*,#2663,.T.);
#2687=ORIENTED_EDGE('',*,*,#2686,.F.);
#2688=EDGE_LOOP('',(#2682,#2684,#2685,#2687));
#2689=FACE_OUTER_BOUND('',#2688,.F.);
#2691=CARTESIAN_POINT('',(-3.75E0,-1.35E0,-1.495E1));
#2692=DIRECTION('',(0.E0,1.E0,0.E0));
#2693=DIRECTION('',(0.E0,0.E0,1.E0));
#2694=AXIS2_PLACEMENT_3D('',#2691,#2692,#2693);
#2695=PLANE('',#2694);
#2697=ORIENTED_EDGE('',*,*,#2696,.T.);
#2699=ORIENTED_EDGE('',*,*,#2698,.T.);
#2700=ORIENTED_EDGE('',*,*,#2681,.F.);
#2702=ORIENTED_EDGE('',*,*,#2701,.F.);
#2703=EDGE_LOOP('',(#2697,#2699,#2700,#2702));
#2704=FACE_OUTER_BOUND('',#2703,.F.);
#2706=CARTESIAN_POINT('',(-3.75E0,1.4E0,-1.52E1));
#2707=DIRECTION('',(0.E0,0.E0,-1.E0));
#2708=DIRECTION('',(1.E0,0.E0,0.E0));
#2709=AXIS2_PLACEMENT_3D('',#2706,#2707,#2708);
#2710=PLANE('',#2709);
#2712=ORIENTED_EDGE('',*,*,#2711,.T.);
#2714=ORIENTED_EDGE('',*,*,#2713,.F.);
#2715=ORIENTED_EDGE('',*,*,#2696,.F.);
#2717=ORIENTED_EDGE('',*,*,#2716,.T.);
#2718=EDGE_LOOP('',(#2712,#2714,#2715,#2717));
#2719=FACE_OUTER_BOUND('',#2718,.F.);
#2721=CARTESIAN_POINT('',(-3.75E0,1.4E0,-1.465E1));
#2722=DIRECTION('',(1.E0,0.E0,0.E0));
#2723=DIRECTION('',(0.E0,0.E0,1.E0));
#2724=AXIS2_PLACEMENT_3D('',#2721,#2722,#2723);
#2725=CYLINDRICAL_SURFACE('',#2724,5.5E-1);
#2726=ORIENTED_EDGE('',*,*,#2296,.F.);
#2727=ORIENTED_EDGE('',*,*,#2650,.F.);
#2729=ORIENTED_EDGE('',*,*,#2728,.T.);
#2730=ORIENTED_EDGE('',*,*,#2711,.F.);
#2732=ORIENTED_EDGE('',*,*,#2731,.T.);
#2734=ORIENTED_EDGE('',*,*,#2733,.T.);
#2735=EDGE_LOOP('',(#2726,#2727,#2729,#2730,#2732,#2734));
#2736=FACE_OUTER_BOUND('',#2735,.F.);
#2738=CARTESIAN_POINT('',(-3.75E0,1.4E0,-1.52E1));
#2739=DIRECTION('',(-1.E0,0.E0,0.E0));
#2740=DIRECTION('',(0.E0,0.E0,-1.E0));
#2741=AXIS2_PLACEMENT_3D('',#2738,#2739,#2740);
#2742=PLANE('',#2741);
#2743=ORIENTED_EDGE('',*,*,#2728,.F.);
#2744=ORIENTED_EDGE('',*,*,#2648,.T.);
#2745=ORIENTED_EDGE('',*,*,#2665,.F.);
#2747=ORIENTED_EDGE('',*,*,#2746,.T.);
#2748=EDGE_LOOP('',(#2743,#2744,#2745,#2747));
#2749=FACE_OUTER_BOUND('',#2748,.F.);
#2751=CARTESIAN_POINT('',(-3.75E0,1.4E0,-1.465E1));
#2752=DIRECTION('',(1.E0,0.E0,0.E0));
#2753=DIRECTION('',(0.E0,0.E0,1.E0));
#2754=AXIS2_PLACEMENT_3D('',#2751,#2752,#2753);
#2755=PLANE('',#2754);
#2756=ORIENTED_EDGE('',*,*,#2713,.T.);
#2757=ORIENTED_EDGE('',*,*,#2746,.F.);
#2758=ORIENTED_EDGE('',*,*,#2683,.F.);
#2759=ORIENTED_EDGE('',*,*,#2698,.F.);
#2760=EDGE_LOOP('',(#2756,#2757,#2758,#2759));
#2761=FACE_OUTER_BOUND('',#2760,.F.);
#2763=CARTESIAN_POINT('',(3.75E0,1.4E0,-1.52E1));
#2764=DIRECTION('',(1.E0,0.E0,0.E0));
#2765=DIRECTION('',(0.E0,0.E0,-1.E0));
#2766=AXIS2_PLACEMENT_3D('',#2763,#2764,#2765);
#2767=PLANE('',#2766);
#2768=ORIENTED_EDGE('',*,*,#2731,.F.);
#2770=ORIENTED_EDGE('',*,*,#2769,.F.);
#2771=ORIENTED_EDGE('',*,*,#2671,.F.);
#2773=ORIENTED_EDGE('',*,*,#2772,.T.);
#2774=EDGE_LOOP('',(#2768,#2770,#2771,#2773));
#2775=FACE_OUTER_BOUND('',#2774,.F.);
#2777=CARTESIAN_POINT('',(3.75E0,1.4E0,-1.465E1));
#2778=DIRECTION('',(-1.E0,0.E0,0.E0));
#2779=DIRECTION('',(0.E0,0.E0,1.E0));
#2780=AXIS2_PLACEMENT_3D('',#2777,#2778,#2779);
#2781=PLANE('',#2780);
#2782=ORIENTED_EDGE('',*,*,#2716,.F.);
#2783=ORIENTED_EDGE('',*,*,#2701,.T.);
#2784=ORIENTED_EDGE('',*,*,#2686,.T.);
#2785=ORIENTED_EDGE('',*,*,#2769,.T.);
#2786=EDGE_LOOP('',(#2782,#2783,#2784,#2785));
#2787=FACE_OUTER_BOUND('',#2786,.F.);
#2789=CARTESIAN_POINT('',(4.35E0,-1.951E0,-1.494477983615E1));
#2790=DIRECTION('',(0.E0,1.E0,0.E0));
#2791=DIRECTION('',(0.E0,0.E0,1.E0));
#2792=AXIS2_PLACEMENT_3D('',#2789,#2790,#2791);
#2793=CYLINDRICAL_SURFACE('',#2792,6.E-1);
#2794=ORIENTED_EDGE('',*,*,#2669,.F.);
#2795=ORIENTED_EDGE('',*,*,#2166,.T.);
#2796=ORIENTED_EDGE('',*,*,#2247,.F.);
#2797=ORIENTED_EDGE('',*,*,#2298,.T.);
#2798=ORIENTED_EDGE('',*,*,#2733,.F.);
#2799=ORIENTED_EDGE('',*,*,#2772,.F.);
#2800=EDGE_LOOP('',(#2794,#2795,#2796,#2797,#2798,#2799));
#2801=FACE_OUTER_BOUND('',#2800,.F.);
#2803=CARTESIAN_POINT('',(-1.E1,1.4E0,-9.4E0));
#2804=DIRECTION('',(0.E0,0.E0,1.E0));
#2805=DIRECTION('',(-1.E0,0.E0,0.E0));
#2806=AXIS2_PLACEMENT_3D('',#2803,#2804,#2805);
#2807=CYLINDRICAL_SURFACE('',#2806,5.5E-1);
#2808=ORIENTED_EDGE('',*,*,#2576,.T.);
#2810=ORIENTED_EDGE('',*,*,#2809,.F.);
#2811=ORIENTED_EDGE('',*,*,#2604,.T.);
#2812=ORIENTED_EDGE('',*,*,#2288,.F.);
#2813=EDGE_LOOP('',(#2808,#2810,#2811,#2812));
#2814=FACE_OUTER_BOUND('',#2813,.F.);
#2816=CARTESIAN_POINT('',(-1.055E1,1.95E0,-9.4E0));
#2817=DIRECTION('',(1.E0,0.E0,0.E0));
#2818=DIRECTION('',(0.E0,0.E0,1.E0));
#2819=AXIS2_PLACEMENT_3D('',#2816,#2817,#2818);
#2820=PLANE('',#2819);
#2822=ORIENTED_EDGE('',*,*,#2821,.F.);
#2824=ORIENTED_EDGE('',*,*,#2823,.F.);
#2826=ORIENTED_EDGE('',*,*,#2825,.T.);
#2828=ORIENTED_EDGE('',*,*,#2827,.T.);
#2830=ORIENTED_EDGE('',*,*,#2829,.F.);
#2832=ORIENTED_EDGE('',*,*,#2831,.T.);
#2834=ORIENTED_EDGE('',*,*,#2833,.T.);
#2836=ORIENTED_EDGE('',*,*,#2835,.T.);
#2838=ORIENTED_EDGE('',*,*,#2837,.F.);
#2840=ORIENTED_EDGE('',*,*,#2839,.T.);
#2842=ORIENTED_EDGE('',*,*,#2841,.T.);
#2844=ORIENTED_EDGE('',*,*,#2843,.F.);
#2845=ORIENTED_EDGE('',*,*,#2606,.T.);
#2846=ORIENTED_EDGE('',*,*,#2809,.T.);
#2847=EDGE_LOOP('',(#2822,#2824,#2826,#2828,#2830,#2832,#2834,#2836,#2838,#2840,
#2842,#2844,#2845,#2846));
#2848=FACE_OUTER_BOUND('',#2847,.F.);
#2850=CARTESIAN_POINT('',(-1.E1,1.7E0,0.E0));
#2851=DIRECTION('',(0.E0,0.E0,1.E0));
#2852=DIRECTION('',(-1.E0,0.E0,0.E0));
#2853=AXIS2_PLACEMENT_3D('',#2850,#2851,#2852);
#2854=PLANE('',#2853);
#2856=ORIENTED_EDGE('',*,*,#2855,.F.);
#2858=ORIENTED_EDGE('',*,*,#2857,.T.);
#2859=ORIENTED_EDGE('',*,*,#2821,.T.);
#2860=ORIENTED_EDGE('',*,*,#2574,.F.);
#2861=EDGE_LOOP('',(#2856,#2858,#2859,#2860));
#2862=FACE_OUTER_BOUND('',#2861,.F.);
#2864=CARTESIAN_POINT('',(-1.03E1,1.95E0,-9.4E0));
#2865=DIRECTION('',(1.E0,0.E0,0.E0));
#2866=DIRECTION('',(0.E0,0.E0,1.E0));
#2867=AXIS2_PLACEMENT_3D('',#2864,#2865,#2866);
#2868=PLANE('',#2867);
#2870=ORIENTED_EDGE('',*,*,#2869,.F.);
#2872=ORIENTED_EDGE('',*,*,#2871,.F.);
#2873=ORIENTED_EDGE('',*,*,#2855,.T.);
#2874=ORIENTED_EDGE('',*,*,#2591,.T.);
#2875=ORIENTED_EDGE('',*,*,#2610,.F.);
#2877=ORIENTED_EDGE('',*,*,#2876,.F.);
#2879=ORIENTED_EDGE('',*,*,#2878,.F.);
#2881=ORIENTED_EDGE('',*,*,#2880,.T.);
#2883=ORIENTED_EDGE('',*,*,#2882,.F.);
#2885=ORIENTED_EDGE('',*,*,#2884,.T.);
#2887=ORIENTED_EDGE('',*,*,#2886,.T.);
#2889=ORIENTED_EDGE('',*,*,#2888,.T.);
#2891=ORIENTED_EDGE('',*,*,#2890,.F.);
#2893=ORIENTED_EDGE('',*,*,#2892,.T.);
#2894=EDGE_LOOP('',(#2870,#2872,#2873,#2874,#2875,#2877,#2879,#2881,#2883,#2885,
#2887,#2889,#2891,#2893));
#2895=FACE_OUTER_BOUND('',#2894,.F.);
#2897=CARTESIAN_POINT('',(-1.03E1,-1.95E0,-9.4E0));
#2898=DIRECTION('',(0.E0,-1.E0,0.E0));
#2899=DIRECTION('',(0.E0,0.E0,-1.E0));
#2900=AXIS2_PLACEMENT_3D('',#2897,#2898,#2899);
#2901=PLANE('',#2900);
#2902=ORIENTED_EDGE('',*,*,#2825,.F.);
#2904=ORIENTED_EDGE('',*,*,#2903,.T.);
#2905=ORIENTED_EDGE('',*,*,#2869,.T.);
#2907=ORIENTED_EDGE('',*,*,#2906,.F.);
#2908=EDGE_LOOP('',(#2902,#2904,#2905,#2907));
#2909=FACE_OUTER_BOUND('',#2908,.F.);
#2911=CARTESIAN_POINT('',(-1.E1,-1.65E0,-3.E-1));
#2912=DIRECTION('',(-1.E0,0.E0,0.E0));
#2913=DIRECTION('',(0.E0,0.E0,-1.E0));
#2914=AXIS2_PLACEMENT_3D('',#2911,#2912,#2913);
#2915=CYLINDRICAL_SURFACE('',#2914,3.E-1);
#2916=ORIENTED_EDGE('',*,*,#2871,.T.);
#2917=ORIENTED_EDGE('',*,*,#2903,.F.);
#2918=ORIENTED_EDGE('',*,*,#2823,.T.);
#2919=ORIENTED_EDGE('',*,*,#2857,.F.);
#2920=EDGE_LOOP('',(#2916,#2917,#2918,#2919));
#2921=FACE_OUTER_BOUND('',#2920,.F.);
#2923=CARTESIAN_POINT('',(0.E0,-1.95E0,-2.1E0));
#2924=DIRECTION('',(0.E0,0.E0,1.E0));
#2925=DIRECTION('',(-1.E0,0.E0,0.E0));
#2926=AXIS2_PLACEMENT_3D('',#2923,#2924,#2925);
#2927=PLANE('',#2926);
#2928=ORIENTED_EDGE('',*,*,#2892,.F.);
#2930=ORIENTED_EDGE('',*,*,#2929,.T.);
#2931=ORIENTED_EDGE('',*,*,#2827,.F.);
#2932=ORIENTED_EDGE('',*,*,#2906,.T.);
#2933=EDGE_LOOP('',(#2928,#2930,#2931,#2932));
#2934=FACE_OUTER_BOUND('',#2933,.F.);
#2936=CARTESIAN_POINT('',(0.E0,-1.1E0,-2.15E0));
#2937=DIRECTION('',(-1.E0,0.E0,0.E0));
#2938=DIRECTION('',(0.E0,0.E0,-1.E0));
#2939=AXIS2_PLACEMENT_3D('',#2936,#2937,#2938);
#2940=CYLINDRICAL_SURFACE('',#2939,5.E-2);
#2941=ORIENTED_EDGE('',*,*,#2890,.T.);
#2943=ORIENTED_EDGE('',*,*,#2942,.F.);
#2944=ORIENTED_EDGE('',*,*,#2829,.T.);
#2945=ORIENTED_EDGE('',*,*,#2929,.F.);
#2946=EDGE_LOOP('',(#2941,#2943,#2944,#2945));
#2947=FACE_OUTER_BOUND('',#2946,.F.);
#2949=CARTESIAN_POINT('',(0.E0,-1.95E0,-2.2E0));
#2950=DIRECTION('',(0.E0,0.E0,-1.E0));
#2951=DIRECTION('',(1.E0,0.E0,0.E0));
#2952=AXIS2_PLACEMENT_3D('',#2949,#2950,#2951);
#2953=PLANE('',#2952);
#2955=ORIENTED_EDGE('',*,*,#2954,.T.);
#2956=ORIENTED_EDGE('',*,*,#2831,.F.);
#2957=ORIENTED_EDGE('',*,*,#2942,.T.);
#2958=ORIENTED_EDGE('',*,*,#2888,.F.);
#2959=EDGE_LOOP('',(#2955,#2956,#2957,#2958));
#2960=FACE_OUTER_BOUND('',#2959,.F.);
#2962=CARTESIAN_POINT('',(-1.085E1,-1.4E0,-2.2E0));
#2963=DIRECTION('',(0.E0,0.E0,1.E0));
#2964=DIRECTION('',(-1.E0,0.E0,0.E0));
#2965=AXIS2_PLACEMENT_3D('',#2962,#2963,#2964);
#2966=PLANE('',#2965);
#2968=ORIENTED_EDGE('',*,*,#2967,.T.);
#2970=ORIENTED_EDGE('',*,*,#2969,.F.);
#2971=ORIENTED_EDGE('',*,*,#2954,.F.);
#2973=ORIENTED_EDGE('',*,*,#2972,.F.);
#2974=EDGE_LOOP('',(#2968,#2970,#2971,#2973));
#2975=FACE_OUTER_BOUND('',#2974,.F.);
#2977=CARTESIAN_POINT('',(-1.055E1,-1.95E0,-2.2E0));
#2978=DIRECTION('',(0.E0,0.E0,-1.E0));
#2979=DIRECTION('',(0.E0,1.E0,0.E0));
#2980=AXIS2_PLACEMENT_3D('',#2977,#2978,#2979);
#2981=PLANE('',#2980);
#2982=ORIENTED_EDGE('',*,*,#2967,.F.);
#2984=ORIENTED_EDGE('',*,*,#2983,.T.);
#2986=ORIENTED_EDGE('',*,*,#2985,.F.);
#2988=ORIENTED_EDGE('',*,*,#2987,.F.);
#2989=EDGE_LOOP('',(#2982,#2984,#2986,#2988));
#2990=FACE_OUTER_BOUND('',#2989,.F.);
#2992=CARTESIAN_POINT('',(0.E0,-1.95E0,-4.75E0));
#2993=DIRECTION('',(0.E0,1.E0,0.E0));
#2994=DIRECTION('',(1.E0,0.E0,0.E0));
#2995=AXIS2_PLACEMENT_3D('',#2992,#2993,#2994);
#2996=PLANE('',#2995);
#2998=ORIENTED_EDGE('',*,*,#2997,.T.);
#3000=ORIENTED_EDGE('',*,*,#2999,.F.);
#3002=ORIENTED_EDGE('',*,*,#3001,.F.);
#3003=ORIENTED_EDGE('',*,*,#2983,.F.);
#3004=EDGE_LOOP('',(#2998,#3000,#3002,#3003));
#3005=FACE_OUTER_BOUND('',#3004,.F.);
#3007=ORIENTED_EDGE('',*,*,#3006,.F.);
#3009=ORIENTED_EDGE('',*,*,#3008,.F.);
#3010=EDGE_LOOP('',(#3007,#3009));
#3011=FACE_BOUND('',#3010,.F.);
#3013=CARTESIAN_POINT('',(-1.085E1,-1.4E0,-7.3E0));
#3014=DIRECTION('',(0.E0,0.E0,-1.E0));
#3015=DIRECTION('',(0.E0,-1.E0,0.E0));
#3016=AXIS2_PLACEMENT_3D('',#3013,#3014,#3015);
#3017=CYLINDRICAL_SURFACE('',#3016,5.5E-1);
#3018=ORIENTED_EDGE('',*,*,#2886,.F.);
#3020=ORIENTED_EDGE('',*,*,#3019,.T.);
#3021=ORIENTED_EDGE('',*,*,#2997,.F.);
#3022=ORIENTED_EDGE('',*,*,#2972,.T.);
#3023=EDGE_LOOP('',(#3018,#3020,#3021,#3022));
#3024=FACE_OUTER_BOUND('',#3023,.F.);
#3026=CARTESIAN_POINT('',(-1.085E1,-1.4E0,-7.3E0));
#3027=DIRECTION('',(0.E0,0.E0,1.E0));
#3028=DIRECTION('',(-1.E0,0.E0,0.E0));
#3029=AXIS2_PLACEMENT_3D('',#3026,#3027,#3028);
#3030=PLANE('',#3029);
#3032=ORIENTED_EDGE('',*,*,#3031,.F.);
#3034=ORIENTED_EDGE('',*,*,#3033,.F.);
#3035=ORIENTED_EDGE('',*,*,#3019,.F.);
#3037=ORIENTED_EDGE('',*,*,#3036,.T.);
#3038=EDGE_LOOP('',(#3032,#3034,#3035,#3037));
#3039=FACE_OUTER_BOUND('',#3038,.F.);
#3041=CARTESIAN_POINT('',(-1.085E1,-1.4E0,-7.3E0));
#3042=DIRECTION('',(0.E0,0.E0,-1.E0));
#3043=DIRECTION('',(0.E0,-1.E0,0.E0));
#3044=AXIS2_PLACEMENT_3D('',#3041,#3042,#3043);
#3045=CYLINDRICAL_SURFACE('',#3044,3.E-1);
#3046=ORIENTED_EDGE('',*,*,#2833,.F.);
#3047=ORIENTED_EDGE('',*,*,#2969,.T.);
#3049=ORIENTED_EDGE('',*,*,#3048,.F.);
#3050=ORIENTED_EDGE('',*,*,#3031,.T.);
#3051=EDGE_LOOP('',(#3046,#3047,#3049,#3050));
#3052=FACE_OUTER_BOUND('',#3051,.F.);
#3054=CARTESIAN_POINT('',(0.E0,-1.7E0,-4.75E0));
#3055=DIRECTION('',(0.E0,1.E0,0.E0));
#3056=DIRECTION('',(1.E0,0.E0,0.E0));
#3057=AXIS2_PLACEMENT_3D('',#3054,#3055,#3056);
#3058=PLANE('',#3057);
#3060=ORIENTED_EDGE('',*,*,#3059,.T.);
#3061=ORIENTED_EDGE('',*,*,#3048,.T.);
#3062=ORIENTED_EDGE('',*,*,#2987,.T.);
#3064=ORIENTED_EDGE('',*,*,#3063,.T.);
#3065=EDGE_LOOP('',(#3060,#3061,#3062,#3064));
#3066=FACE_OUTER_BOUND('',#3065,.F.);
#3068=ORIENTED_EDGE('',*,*,#3067,.F.);
#3070=ORIENTED_EDGE('',*,*,#3069,.F.);
#3071=EDGE_LOOP('',(#3068,#3070));
#3072=FACE_BOUND('',#3071,.F.);
#3074=CARTESIAN_POINT('',(-1.52E1,-1.95E0,-7.3E0));
#3075=DIRECTION('',(0.E0,0.E0,1.E0));
#3076=DIRECTION('',(0.E0,-1.E0,0.E0));
#3077=AXIS2_PLACEMENT_3D('',#3074,#3075,#3076);
#3078=PLANE('',#3077);
#3079=ORIENTED_EDGE('',*,*,#3033,.T.);
#3080=ORIENTED_EDGE('',*,*,#3059,.F.);
#3082=ORIENTED_EDGE('',*,*,#3081,.T.);
#3083=ORIENTED_EDGE('',*,*,#2999,.T.);
#3084=EDGE_LOOP('',(#3079,#3080,#3082,#3083));
#3085=FACE_OUTER_BOUND('',#3084,.F.);
#3087=CARTESIAN_POINT('',(-1.525E1,-1.95E0,-2.2E0));
#3088=DIRECTION('',(1.E0,0.E0,0.E0));
#3089=DIRECTION('',(0.E0,-1.E0,0.E0));
#3090=AXIS2_PLACEMENT_3D('',#3087,#3088,#3089);
#3091=PLANE('',#3090);
#3092=ORIENTED_EDGE('',*,*,#3063,.F.);
#3093=ORIENTED_EDGE('',*,*,#2985,.T.);
#3094=ORIENTED_EDGE('',*,*,#3001,.T.);
#3095=ORIENTED_EDGE('',*,*,#3081,.F.);
#3096=EDGE_LOOP('',(#3092,#3093,#3094,#3095));
#3097=FACE_OUTER_BOUND('',#3096,.F.);
#3099=CARTESIAN_POINT('',(-1.3E1,-1.95E0,-4.75E0));
#3100=DIRECTION('',(0.E0,1.E0,0.E0));
#3101=DIRECTION('',(1.E0,0.E0,0.E0));
#3102=AXIS2_PLACEMENT_3D('',#3099,#3100,#3101);
#3103=CYLINDRICAL_SURFACE('',#3102,1.2E0);
#3104=ORIENTED_EDGE('',*,*,#3006,.T.);
#3106=ORIENTED_EDGE('',*,*,#3105,.F.);
#3107=ORIENTED_EDGE('',*,*,#3067,.T.);
#3109=ORIENTED_EDGE('',*,*,#3108,.T.);
#3110=EDGE_LOOP('',(#3104,#3106,#3107,#3109));
#3111=FACE_OUTER_BOUND('',#3110,.F.);
#3113=CARTESIAN_POINT('',(-1.3E1,-1.95E0,-4.75E0));
#3114=DIRECTION('',(0.E0,1.E0,0.E0));
#3115=DIRECTION('',(1.E0,0.E0,0.E0));
#3116=AXIS2_PLACEMENT_3D('',#3113,#3114,#3115);
#3117=CYLINDRICAL_SURFACE('',#3116,1.2E0);
#3118=ORIENTED_EDGE('',*,*,#3108,.F.);
#3119=ORIENTED_EDGE('',*,*,#3069,.T.);
#3120=ORIENTED_EDGE('',*,*,#3105,.T.);
#3121=ORIENTED_EDGE('',*,*,#3008,.T.);
#3122=EDGE_LOOP('',(#3118,#3119,#3120,#3121));
#3123=FACE_OUTER_BOUND('',#3122,.F.);
#3125=CARTESIAN_POINT('',(0.E0,-1.95E0,-7.3E0));
#3126=DIRECTION('',(0.E0,0.E0,1.E0));
#3127=DIRECTION('',(-1.E0,0.E0,0.E0));
#3128=AXIS2_PLACEMENT_3D('',#3125,#3126,#3127);
#3129=PLANE('',#3128);
#3130=ORIENTED_EDGE('',*,*,#3036,.F.);
#3131=ORIENTED_EDGE('',*,*,#2884,.F.);
#3133=ORIENTED_EDGE('',*,*,#3132,.T.);
#3134=ORIENTED_EDGE('',*,*,#2835,.F.);
#3135=EDGE_LOOP('',(#3130,#3131,#3133,#3134));
#3136=FACE_OUTER_BOUND('',#3135,.F.);
#3138=CARTESIAN_POINT('',(0.E0,-1.1E0,-7.35E0));
#3139=DIRECTION('',(-1.E0,0.E0,0.E0));
#3140=DIRECTION('',(0.E0,0.E0,-1.E0));
#3141=AXIS2_PLACEMENT_3D('',#3138,#3139,#3140);
#3142=CYLINDRICAL_SURFACE('',#3141,5.E-2);
#3143=ORIENTED_EDGE('',*,*,#2882,.T.);
#3145=ORIENTED_EDGE('',*,*,#3144,.F.);
#3146=ORIENTED_EDGE('',*,*,#2837,.T.);
#3147=ORIENTED_EDGE('',*,*,#3132,.F.);
#3148=EDGE_LOOP('',(#3143,#3145,#3146,#3147));
#3149=FACE_OUTER_BOUND('',#3148,.F.);
#3151=CARTESIAN_POINT('',(0.E0,-1.95E0,-7.4E0));
#3152=DIRECTION('',(0.E0,0.E0,-1.E0));
#3153=DIRECTION('',(1.E0,0.E0,0.E0));
#3154=AXIS2_PLACEMENT_3D('',#3151,#3152,#3153);
#3155=PLANE('',#3154);
#3156=ORIENTED_EDGE('',*,*,#2880,.F.);
#3158=ORIENTED_EDGE('',*,*,#3157,.F.);
#3159=ORIENTED_EDGE('',*,*,#2839,.F.);
#3160=ORIENTED_EDGE('',*,*,#3144,.T.);
#3161=EDGE_LOOP('',(#3156,#3158,#3159,#3160));
#3162=FACE_OUTER_BOUND('',#3161,.F.);
#3164=CARTESIAN_POINT('',(-1.03E1,-1.95E0,-9.4E0));
#3165=DIRECTION('',(0.E0,-1.E0,0.E0));
#3166=DIRECTION('',(0.E0,0.E0,-1.E0));
#3167=AXIS2_PLACEMENT_3D('',#3164,#3165,#3166);
#3168=PLANE('',#3167);
#3169=ORIENTED_EDGE('',*,*,#2878,.T.);
#3171=ORIENTED_EDGE('',*,*,#3170,.T.);
#3172=ORIENTED_EDGE('',*,*,#2841,.F.);
#3173=ORIENTED_EDGE('',*,*,#3157,.T.);
#3174=EDGE_LOOP('',(#3169,#3171,#3172,#3173));
#3175=FACE_OUTER_BOUND('',#3174,.F.);
#3177=CARTESIAN_POINT('',(-1.03E1,-1.65E0,-9.1E0));
#3178=DIRECTION('',(-1.E0,0.E0,0.E0));
#3179=DIRECTION('',(0.E0,0.E0,-1.E0));
#3180=AXIS2_PLACEMENT_3D('',#3177,#3178,#3179);
#3181=CYLINDRICAL_SURFACE('',#3180,3.E-1);
#3182=ORIENTED_EDGE('',*,*,#2876,.T.);
#3183=ORIENTED_EDGE('',*,*,#2608,.F.);
#3184=ORIENTED_EDGE('',*,*,#2843,.T.);
#3185=ORIENTED_EDGE('',*,*,#3170,.F.);
#3186=EDGE_LOOP('',(#3182,#3183,#3184,#3185));
#3187=FACE_OUTER_BOUND('',#3186,.F.);
#3189=CARTESIAN_POINT('',(1.E1,1.4E0,-9.4E0));
#3190=DIRECTION('',(0.E0,0.E0,1.E0));
#3191=DIRECTION('',(1.E0,0.E0,0.E0));
#3192=AXIS2_PLACEMENT_3D('',#3189,#3190,#3191);
#3193=CYLINDRICAL_SURFACE('',#3192,5.5E-1);
#3194=ORIENTED_EDGE('',*,*,#2414,.T.);
#3195=ORIENTED_EDGE('',*,*,#2262,.F.);
#3196=ORIENTED_EDGE('',*,*,#2387,.T.);
#3198=ORIENTED_EDGE('',*,*,#3197,.F.);
#3199=EDGE_LOOP('',(#3194,#3195,#3196,#3198));
#3200=FACE_OUTER_BOUND('',#3199,.F.);
#3202=CARTESIAN_POINT('',(1.055E1,1.95E0,-9.4E0));
#3203=DIRECTION('',(-1.E0,0.E0,0.E0));
#3204=DIRECTION('',(0.E0,0.E0,1.E0));
#3205=AXIS2_PLACEMENT_3D('',#3202,#3203,#3204);
#3206=PLANE('',#3205);
#3208=ORIENTED_EDGE('',*,*,#3207,.T.);
#3209=ORIENTED_EDGE('',*,*,#3197,.T.);
#3210=ORIENTED_EDGE('',*,*,#2385,.F.);
#3212=ORIENTED_EDGE('',*,*,#3211,.F.);
#3214=ORIENTED_EDGE('',*,*,#3213,.F.);
#3216=ORIENTED_EDGE('',*,*,#3215,.F.);
#3218=ORIENTED_EDGE('',*,*,#3217,.F.);
#3220=ORIENTED_EDGE('',*,*,#3219,.F.);
#3222=ORIENTED_EDGE('',*,*,#3221,.T.);
#3224=ORIENTED_EDGE('',*,*,#3223,.F.);
#3226=ORIENTED_EDGE('',*,*,#3225,.F.);
#3228=ORIENTED_EDGE('',*,*,#3227,.F.);
#3230=ORIENTED_EDGE('',*,*,#3229,.F.);
#3232=ORIENTED_EDGE('',*,*,#3231,.F.);
#3233=EDGE_LOOP('',(#3208,#3209,#3210,#3212,#3214,#3216,#3218,#3220,#3222,#3224,
#3226,#3228,#3230,#3232));
#3234=FACE_OUTER_BOUND('',#3233,.F.);
#3236=CARTESIAN_POINT('',(1.E1,1.7E0,0.E0));
#3237=DIRECTION('',(0.E0,0.E0,1.E0));
#3238=DIRECTION('',(1.E0,0.E0,0.E0));
#3239=AXIS2_PLACEMENT_3D('',#3236,#3237,#3238);
#3240=PLANE('',#3239);
#3242=ORIENTED_EDGE('',*,*,#3241,.T.);
#3243=ORIENTED_EDGE('',*,*,#2416,.T.);
#3244=ORIENTED_EDGE('',*,*,#3207,.F.);
#3246=ORIENTED_EDGE('',*,*,#3245,.T.);
#3247=EDGE_LOOP('',(#3242,#3243,#3244,#3246));
#3248=FACE_OUTER_BOUND('',#3247,.F.);
#3250=CARTESIAN_POINT('',(1.03E1,1.95E0,-9.4E0));
#3251=DIRECTION('',(-1.E0,0.E0,0.E0));
#3252=DIRECTION('',(0.E0,0.E0,1.E0));
#3253=AXIS2_PLACEMENT_3D('',#3250,#3251,#3252);
#3254=PLANE('',#3253);
#3256=ORIENTED_EDGE('',*,*,#3255,.T.);
#3258=ORIENTED_EDGE('',*,*,#3257,.F.);
#3260=ORIENTED_EDGE('',*,*,#3259,.F.);
#3262=ORIENTED_EDGE('',*,*,#3261,.F.);
#3264=ORIENTED_EDGE('',*,*,#3263,.T.);
#3266=ORIENTED_EDGE('',*,*,#3265,.F.);
#3268=ORIENTED_EDGE('',*,*,#3267,.F.);
#3270=ORIENTED_EDGE('',*,*,#3269,.F.);
#3272=ORIENTED_EDGE('',*,*,#3271,.T.);
#3274=ORIENTED_EDGE('',*,*,#3273,.F.);
#3275=ORIENTED_EDGE('',*,*,#2381,.T.);
#3276=ORIENTED_EDGE('',*,*,#2400,.T.);
#3277=ORIENTED_EDGE('',*,*,#3241,.F.);
#3279=ORIENTED_EDGE('',*,*,#3278,.F.);
#3280=EDGE_LOOP('',(#3256,#3258,#3260,#3262,#3264,#3266,#3268,#3270,#3272,#3274,
#3275,#3276,#3277,#3279));
#3281=FACE_OUTER_BOUND('',#3280,.F.);
#3283=CARTESIAN_POINT('',(1.03E1,-1.95E0,-9.4E0));
#3284=DIRECTION('',(0.E0,-1.E0,0.E0));
#3285=DIRECTION('',(0.E0,0.E0,-1.E0));
#3286=AXIS2_PLACEMENT_3D('',#3283,#3284,#3285);
#3287=PLANE('',#3286);
#3288=ORIENTED_EDGE('',*,*,#3229,.T.);
#3290=ORIENTED_EDGE('',*,*,#3289,.T.);
#3291=ORIENTED_EDGE('',*,*,#3255,.F.);
#3293=ORIENTED_EDGE('',*,*,#3292,.T.);
#3294=EDGE_LOOP('',(#3288,#3290,#3291,#3293));
#3295=FACE_OUTER_BOUND('',#3294,.F.);
#3297=CARTESIAN_POINT('',(0.E0,-1.95E0,-2.1E0));
#3298=DIRECTION('',(0.E0,0.E0,1.E0));
#3299=DIRECTION('',(1.E0,0.E0,0.E0));
#3300=AXIS2_PLACEMENT_3D('',#3297,#3298,#3299);
#3301=PLANE('',#3300);
#3302=ORIENTED_EDGE('',*,*,#3257,.T.);
#3303=ORIENTED_EDGE('',*,*,#3289,.F.);
#3304=ORIENTED_EDGE('',*,*,#3227,.T.);
#3306=ORIENTED_EDGE('',*,*,#3305,.T.);
#3307=EDGE_LOOP('',(#3302,#3303,#3304,#3306));
#3308=FACE_OUTER_BOUND('',#3307,.F.);
#3310=CARTESIAN_POINT('',(0.E0,-1.1E0,-2.15E0));
#3311=DIRECTION('',(1.E0,0.E0,0.E0));
#3312=DIRECTION('',(0.E0,0.E0,-1.E0));
#3313=AXIS2_PLACEMENT_3D('',#3310,#3311,#3312);
#3314=CYLINDRICAL_SURFACE('',#3313,5.E-2);
#3315=ORIENTED_EDGE('',*,*,#3259,.T.);
#3316=ORIENTED_EDGE('',*,*,#3305,.F.);
#3317=ORIENTED_EDGE('',*,*,#3225,.T.);
#3319=ORIENTED_EDGE('',*,*,#3318,.F.);
#3320=EDGE_LOOP('',(#3315,#3316,#3317,#3319));
#3321=FACE_OUTER_BOUND('',#3320,.F.);
#3323=CARTESIAN_POINT('',(0.E0,-1.95E0,-2.2E0));
#3324=DIRECTION('',(0.E0,0.E0,-1.E0));
#3325=DIRECTION('',(-1.E0,0.E0,0.E0));
#3326=AXIS2_PLACEMENT_3D('',#3323,#3324,#3325);
#3327=PLANE('',#3326);
#3329=ORIENTED_EDGE('',*,*,#3328,.F.);
#3330=ORIENTED_EDGE('',*,*,#3261,.T.);
#3331=ORIENTED_EDGE('',*,*,#3318,.T.);
#3332=ORIENTED_EDGE('',*,*,#3223,.T.);
#3333=EDGE_LOOP('',(#3329,#3330,#3331,#3332));
#3334=FACE_OUTER_BOUND('',#3333,.F.);
#3336=CARTESIAN_POINT('',(1.085E1,-1.4E0,-2.2E0));
#3337=DIRECTION('',(0.E0,0.E0,1.E0));
#3338=DIRECTION('',(1.E0,0.E0,0.E0));
#3339=AXIS2_PLACEMENT_3D('',#3336,#3337,#3338);
#3340=PLANE('',#3339);
#3342=ORIENTED_EDGE('',*,*,#3341,.F.);
#3344=ORIENTED_EDGE('',*,*,#3343,.F.);
#3345=ORIENTED_EDGE('',*,*,#3328,.T.);
#3347=ORIENTED_EDGE('',*,*,#3346,.F.);
#3348=EDGE_LOOP('',(#3342,#3344,#3345,#3347));
#3349=FACE_OUTER_BOUND('',#3348,.F.);
#3351=CARTESIAN_POINT('',(1.055E1,-1.95E0,-2.2E0));
#3352=DIRECTION('',(0.E0,0.E0,-1.E0));
#3353=DIRECTION('',(0.E0,1.E0,0.E0));
#3354=AXIS2_PLACEMENT_3D('',#3351,#3352,#3353);
#3355=PLANE('',#3354);
#3356=ORIENTED_EDGE('',*,*,#3341,.T.);
#3358=ORIENTED_EDGE('',*,*,#3357,.T.);
#3360=ORIENTED_EDGE('',*,*,#3359,.T.);
#3362=ORIENTED_EDGE('',*,*,#3361,.F.);
#3363=EDGE_LOOP('',(#3356,#3358,#3360,#3362));
#3364=FACE_OUTER_BOUND('',#3363,.F.);
#3366=CARTESIAN_POINT('',(0.E0,-1.7E0,-4.75E0));
#3367=DIRECTION('',(0.E0,1.E0,0.E0));
#3368=DIRECTION('',(-1.E0,0.E0,0.E0));
#3369=AXIS2_PLACEMENT_3D('',#3366,#3367,#3368);
#3370=PLANE('',#3369);
#3372=ORIENTED_EDGE('',*,*,#3371,.F.);
#3374=ORIENTED_EDGE('',*,*,#3373,.F.);
#3375=ORIENTED_EDGE('',*,*,#3357,.F.);
#3377=ORIENTED_EDGE('',*,*,#3376,.T.);
#3378=EDGE_LOOP('',(#3372,#3374,#3375,#3377));
#3379=FACE_OUTER_BOUND('',#3378,.F.);
#3381=ORIENTED_EDGE('',*,*,#3380,.F.);
#3383=ORIENTED_EDGE('',*,*,#3382,.F.);
#3384=EDGE_LOOP('',(#3381,#3383));
#3385=FACE_BOUND('',#3384,.F.);
#3387=CARTESIAN_POINT('',(1.52E1,-1.95E0,-7.3E0));
#3388=DIRECTION('',(0.E0,0.E0,1.E0));
#3389=DIRECTION('',(0.E0,-1.E0,0.E0));
#3390=AXIS2_PLACEMENT_3D('',#3387,#3388,#3389);
#3391=PLANE('',#3390);
#3393=ORIENTED_EDGE('',*,*,#3392,.F.);
#3395=ORIENTED_EDGE('',*,*,#3394,.F.);
#3397=ORIENTED_EDGE('',*,*,#3396,.F.);
#3398=ORIENTED_EDGE('',*,*,#3371,.T.);
#3399=EDGE_LOOP('',(#3393,#3395,#3397,#3398));
#3400=FACE_OUTER_BOUND('',#3399,.F.);
#3402=CARTESIAN_POINT('',(1.085E1,-1.4E0,-7.3E0));
#3403=DIRECTION('',(0.E0,0.E0,1.E0));
#3404=DIRECTION('',(1.E0,0.E0,0.E0));
#3405=AXIS2_PLACEMENT_3D('',#3402,#3403,#3404);
#3406=PLANE('',#3405);
#3408=ORIENTED_EDGE('',*,*,#3407,.F.);
#3410=ORIENTED_EDGE('',*,*,#3409,.F.);
#3412=ORIENTED_EDGE('',*,*,#3411,.F.);
#3413=ORIENTED_EDGE('',*,*,#3392,.T.);
#3414=EDGE_LOOP('',(#3408,#3410,#3412,#3413));
#3415=FACE_OUTER_BOUND('',#3414,.F.);
#3417=CARTESIAN_POINT('',(1.085E1,-1.4E0,-7.3E0));
#3418=DIRECTION('',(0.E0,0.E0,-1.E0));
#3419=DIRECTION('',(0.E0,-1.E0,0.E0));
#3420=AXIS2_PLACEMENT_3D('',#3417,#3418,#3419);
#3421=CYLINDRICAL_SURFACE('',#3420,3.E-1);
#3422=ORIENTED_EDGE('',*,*,#3221,.F.);
#3423=ORIENTED_EDGE('',*,*,#3407,.T.);
#3424=ORIENTED_EDGE('',*,*,#3376,.F.);
#3425=ORIENTED_EDGE('',*,*,#3346,.T.);
#3426=EDGE_LOOP('',(#3422,#3423,#3424,#3425));
#3427=FACE_OUTER_BOUND('',#3426,.F.);
#3429=CARTESIAN_POINT('',(0.E0,-1.95E0,-7.3E0));
#3430=DIRECTION('',(0.E0,0.E0,1.E0));
#3431=DIRECTION('',(1.E0,0.E0,0.E0));
#3432=AXIS2_PLACEMENT_3D('',#3429,#3430,#3431);
#3433=PLANE('',#3432);
#3434=ORIENTED_EDGE('',*,*,#3409,.T.);
#3435=ORIENTED_EDGE('',*,*,#3219,.T.);
#3437=ORIENTED_EDGE('',*,*,#3436,.T.);
#3438=ORIENTED_EDGE('',*,*,#3265,.T.);
#3439=EDGE_LOOP('',(#3434,#3435,#3437,#3438));
#3440=FACE_OUTER_BOUND('',#3439,.F.);
#3442=CARTESIAN_POINT('',(0.E0,-1.1E0,-7.35E0));
#3443=DIRECTION('',(1.E0,0.E0,0.E0));
#3444=DIRECTION('',(0.E0,0.E0,-1.E0));
#3445=AXIS2_PLACEMENT_3D('',#3442,#3443,#3444);
#3446=CYLINDRICAL_SURFACE('',#3445,5.E-2);
#3447=ORIENTED_EDGE('',*,*,#3267,.T.);
#3448=ORIENTED_EDGE('',*,*,#3436,.F.);
#3449=ORIENTED_EDGE('',*,*,#3217,.T.);
#3451=ORIENTED_EDGE('',*,*,#3450,.F.);
#3452=EDGE_LOOP('',(#3447,#3448,#3449,#3451));
#3453=FACE_OUTER_BOUND('',#3452,.F.);
#3455=CARTESIAN_POINT('',(0.E0,-1.95E0,-7.4E0));
#3456=DIRECTION('',(0.E0,0.E0,-1.E0));
#3457=DIRECTION('',(-1.E0,0.E0,0.E0));
#3458=AXIS2_PLACEMENT_3D('',#3455,#3456,#3457);
#3459=PLANE('',#3458);
#3460=ORIENTED_EDGE('',*,*,#3269,.T.);
#3461=ORIENTED_EDGE('',*,*,#3450,.T.);
#3462=ORIENTED_EDGE('',*,*,#3215,.T.);
#3464=ORIENTED_EDGE('',*,*,#3463,.T.);
#3465=EDGE_LOOP('',(#3460,#3461,#3462,#3464));
#3466=FACE_OUTER_BOUND('',#3465,.F.);
#3468=CARTESIAN_POINT('',(1.03E1,-1.95E0,-9.4E0));
#3469=DIRECTION('',(0.E0,-1.E0,0.E0));
#3470=DIRECTION('',(0.E0,0.E0,-1.E0));
#3471=AXIS2_PLACEMENT_3D('',#3468,#3469,#3470);
#3472=PLANE('',#3471);
#3473=ORIENTED_EDGE('',*,*,#3271,.F.);
#3474=ORIENTED_EDGE('',*,*,#3463,.F.);
#3475=ORIENTED_EDGE('',*,*,#3213,.T.);
#3477=ORIENTED_EDGE('',*,*,#3476,.T.);
#3478=EDGE_LOOP('',(#3473,#3474,#3475,#3477));
#3479=FACE_OUTER_BOUND('',#3478,.F.);
#3481=CARTESIAN_POINT('',(1.03E1,-1.65E0,-9.1E0));
#3482=DIRECTION('',(1.E0,0.E0,0.E0));
#3483=DIRECTION('',(0.E0,0.E0,-1.E0));
#3484=AXIS2_PLACEMENT_3D('',#3481,#3482,#3483);
#3485=CYLINDRICAL_SURFACE('',#3484,3.E-1);
#3486=ORIENTED_EDGE('',*,*,#3273,.T.);
#3487=ORIENTED_EDGE('',*,*,#3476,.F.);
#3488=ORIENTED_EDGE('',*,*,#3211,.T.);
#3489=ORIENTED_EDGE('',*,*,#2383,.F.);
#3490=EDGE_LOOP('',(#3486,#3487,#3488,#3489));
#3491=FACE_OUTER_BOUND('',#3490,.F.);
#3493=CARTESIAN_POINT('',(1.085E1,-1.4E0,-7.3E0));
#3494=DIRECTION('',(0.E0,0.E0,-1.E0));
#3495=DIRECTION('',(0.E0,-1.E0,0.E0));
#3496=AXIS2_PLACEMENT_3D('',#3493,#3494,#3495);
#3497=CYLINDRICAL_SURFACE('',#3496,5.5E-1);
#3498=ORIENTED_EDGE('',*,*,#3263,.F.);
#3499=ORIENTED_EDGE('',*,*,#3343,.T.);
#3501=ORIENTED_EDGE('',*,*,#3500,.F.);
#3502=ORIENTED_EDGE('',*,*,#3411,.T.);
#3503=EDGE_LOOP('',(#3498,#3499,#3501,#3502));
#3504=FACE_OUTER_BOUND('',#3503,.F.);
#3506=CARTESIAN_POINT('',(0.E0,-1.95E0,-4.75E0));
#3507=DIRECTION('',(0.E0,1.E0,0.E0));
#3508=DIRECTION('',(-1.E0,0.E0,0.E0));
#3509=AXIS2_PLACEMENT_3D('',#3506,#3507,#3508);
#3510=PLANE('',#3509);
#3511=ORIENTED_EDGE('',*,*,#3500,.T.);
#3512=ORIENTED_EDGE('',*,*,#3361,.T.);
#3514=ORIENTED_EDGE('',*,*,#3513,.T.);
#3515=ORIENTED_EDGE('',*,*,#3394,.T.);
#3516=EDGE_LOOP('',(#3511,#3512,#3514,#3515));
#3517=FACE_OUTER_BOUND('',#3516,.F.);
#3519=ORIENTED_EDGE('',*,*,#3518,.F.);
#3521=ORIENTED_EDGE('',*,*,#3520,.F.);
#3522=EDGE_LOOP('',(#3519,#3521));
#3523=FACE_BOUND('',#3522,.F.);
#3525=CARTESIAN_POINT('',(1.525E1,-1.95E0,-2.2E0));
#3526=DIRECTION('',(-1.E0,0.E0,0.E0));
#3527=DIRECTION('',(0.E0,-1.E0,0.E0));
#3528=AXIS2_PLACEMENT_3D('',#3525,#3526,#3527);
#3529=PLANE('',#3528);
#3530=ORIENTED_EDGE('',*,*,#3373,.T.);
#3531=ORIENTED_EDGE('',*,*,#3396,.T.);
#3532=ORIENTED_EDGE('',*,*,#3513,.F.);
#3533=ORIENTED_EDGE('',*,*,#3359,.F.);
#3534=EDGE_LOOP('',(#3530,#3531,#3532,#3533));
#3535=FACE_OUTER_BOUND('',#3534,.F.);
#3537=CARTESIAN_POINT('',(1.3E1,-1.95E0,-4.75E0));
#3538=DIRECTION('',(0.E0,1.E0,0.E0));
#3539=DIRECTION('',(-1.E0,0.E0,0.E0));
#3540=AXIS2_PLACEMENT_3D('',#3537,#3538,#3539);
#3541=CYLINDRICAL_SURFACE('',#3540,1.2E0);
#3543=ORIENTED_EDGE('',*,*,#3542,.F.);
#3544=ORIENTED_EDGE('',*,*,#3380,.T.);
#3546=ORIENTED_EDGE('',*,*,#3545,.T.);
#3547=ORIENTED_EDGE('',*,*,#3518,.T.);
#3548=EDGE_LOOP('',(#3543,#3544,#3546,#3547));
#3549=FACE_OUTER_BOUND('',#3548,.F.);
#3551=CARTESIAN_POINT('',(1.3E1,-1.95E0,-4.75E0));
#3552=DIRECTION('',(0.E0,1.E0,0.E0));
#3553=DIRECTION('',(-1.E0,0.E0,0.E0));
#3554=AXIS2_PLACEMENT_3D('',#3551,#3552,#3553);
#3555=CYLINDRICAL_SURFACE('',#3554,1.2E0);
#3556=ORIENTED_EDGE('',*,*,#3520,.T.);
#3557=ORIENTED_EDGE('',*,*,#3545,.F.);
#3558=ORIENTED_EDGE('',*,*,#3382,.T.);
#3559=ORIENTED_EDGE('',*,*,#3542,.T.);
#3560=EDGE_LOOP('',(#3556,#3557,#3558,#3559));
#3561=FACE_OUTER_BOUND('',#3560,.F.);
#3563=CARTESIAN_POINT('',(1.E1,-1.65E0,-3.E-1));
#3564=DIRECTION('',(1.E0,0.E0,0.E0));
#3565=DIRECTION('',(0.E0,0.E0,-1.E0));
#3566=AXIS2_PLACEMENT_3D('',#3563,#3564,#3565);
#3567=CYLINDRICAL_SURFACE('',#3566,3.E-1);
#3568=ORIENTED_EDGE('',*,*,#3278,.T.);
#3569=ORIENTED_EDGE('',*,*,#3245,.F.);
#3570=ORIENTED_EDGE('',*,*,#3231,.T.);
#3571=ORIENTED_EDGE('',*,*,#3292,.F.);
#3572=EDGE_LOOP('',(#3568,#3569,#3570,#3571));
#3573=FACE_OUTER_BOUND('',#3572,.F.);
#3575=CARTESIAN_POINT('',(-2.E-1,1.85E0,-1.07E1));
#3576=DIRECTION('',(0.E0,0.E0,1.E0));
#3577=DIRECTION('',(-1.E0,0.E0,0.E0));
#3578=AXIS2_PLACEMENT_3D('',#3575,#3576,#3577);
#3579=PLANE('',#3578);
#3580=ORIENTED_EDGE('',*,*,#2303,.F.);
#3582=ORIENTED_EDGE('',*,*,#3581,.T.);
#3584=ORIENTED_EDGE('',*,*,#3583,.T.);
#3586=ORIENTED_EDGE('',*,*,#3585,.F.);
#3587=EDGE_LOOP('',(#3580,#3582,#3584,#3586));
#3588=FACE_OUTER_BOUND('',#3587,.F.);
#3590=CARTESIAN_POINT('',(-2.E-1,1.85E0,-1.175E1));
#3591=DIRECTION('',(-1.E0,0.E0,0.E0));
#3592=DIRECTION('',(0.E0,0.E0,-1.E0));
#3593=AXIS2_PLACEMENT_3D('',#3590,#3591,#3592);
#3594=PLANE('',#3593);
#3595=ORIENTED_EDGE('',*,*,#2325,.F.);
#3597=ORIENTED_EDGE('',*,*,#3596,.T.);
#3599=ORIENTED_EDGE('',*,*,#3598,.T.);
#3600=ORIENTED_EDGE('',*,*,#3581,.F.);
#3601=EDGE_LOOP('',(#3595,#3597,#3599,#3600));
#3602=FACE_OUTER_BOUND('',#3601,.F.);
#3604=CARTESIAN_POINT('',(-1.25E0,1.85E0,-1.175E1));
#3605=DIRECTION('',(0.E0,0.E0,1.E0));
#3606=DIRECTION('',(-1.E0,0.E0,0.E0));
#3607=AXIS2_PLACEMENT_3D('',#3604,#3605,#3606);
#3608=PLANE('',#3607);
#3609=ORIENTED_EDGE('',*,*,#2323,.F.);
#3611=ORIENTED_EDGE('',*,*,#3610,.T.);
#3613=ORIENTED_EDGE('',*,*,#3612,.T.);
#3614=ORIENTED_EDGE('',*,*,#3596,.F.);
#3615=EDGE_LOOP('',(#3609,#3611,#3613,#3614));
#3616=FACE_OUTER_BOUND('',#3615,.F.);
#3618=CARTESIAN_POINT('',(-1.25E0,1.85E0,-1.215E1));
#3619=DIRECTION('',(-1.E0,0.E0,0.E0));
#3620=DIRECTION('',(0.E0,0.E0,-1.E0));
#3621=AXIS2_PLACEMENT_3D('',#3618,#3619,#3620);
#3622=PLANE('',#3621);
#3623=ORIENTED_EDGE('',*,*,#2321,.F.);
#3625=ORIENTED_EDGE('',*,*,#3624,.T.);
#3627=ORIENTED_EDGE('',*,*,#3626,.T.);
#3628=ORIENTED_EDGE('',*,*,#3610,.F.);
#3629=EDGE_LOOP('',(#3623,#3625,#3627,#3628));
#3630=FACE_OUTER_BOUND('',#3629,.F.);
#3632=CARTESIAN_POINT('',(-2.E-1,1.85E0,-1.215E1));
#3633=DIRECTION('',(0.E0,0.E0,-1.E0));
#3634=DIRECTION('',(1.E0,0.E0,0.E0));
#3635=AXIS2_PLACEMENT_3D('',#3632,#3633,#3634);
#3636=PLANE('',#3635);
#3637=ORIENTED_EDGE('',*,*,#2319,.F.);
#3639=ORIENTED_EDGE('',*,*,#3638,.T.);
#3641=ORIENTED_EDGE('',*,*,#3640,.T.);
#3642=ORIENTED_EDGE('',*,*,#3624,.F.);
#3643=EDGE_LOOP('',(#3637,#3639,#3641,#3642));
#3644=FACE_OUTER_BOUND('',#3643,.F.);
#3646=CARTESIAN_POINT('',(-2.E-1,1.85E0,-1.32E1));
#3647=DIRECTION('',(-1.E0,0.E0,0.E0));
#3648=DIRECTION('',(0.E0,0.E0,-1.E0));
#3649=AXIS2_PLACEMENT_3D('',#3646,#3647,#3648);
#3650=PLANE('',#3649);
#3651=ORIENTED_EDGE('',*,*,#2317,.F.);
#3653=ORIENTED_EDGE('',*,*,#3652,.T.);
#3655=ORIENTED_EDGE('',*,*,#3654,.T.);
#3656=ORIENTED_EDGE('',*,*,#3638,.F.);
#3657=EDGE_LOOP('',(#3651,#3653,#3655,#3656));
#3658=FACE_OUTER_BOUND('',#3657,.F.);
#3660=CARTESIAN_POINT('',(2.E-1,1.85E0,-1.32E1));
#3661=DIRECTION('',(0.E0,0.E0,-1.E0));
#3662=DIRECTION('',(1.E0,0.E0,0.E0));
#3663=AXIS2_PLACEMENT_3D('',#3660,#3661,#3662);
#3664=PLANE('',#3663);
#3666=ORIENTED_EDGE('',*,*,#3665,.T.);
#3667=ORIENTED_EDGE('',*,*,#3652,.F.);
#3668=ORIENTED_EDGE('',*,*,#2315,.F.);
#3670=ORIENTED_EDGE('',*,*,#3669,.T.);
#3671=EDGE_LOOP('',(#3666,#3667,#3668,#3670));
#3672=FACE_OUTER_BOUND('',#3671,.F.);
#3674=CARTESIAN_POINT('',(0.E0,1.85E0,-4.75E0));
#3675=DIRECTION('',(0.E0,1.E0,0.E0));
#3676=DIRECTION('',(0.E0,0.E0,1.E0));
#3677=AXIS2_PLACEMENT_3D('',#3674,#3675,#3676);
#3678=PLANE('',#3677);
#3679=ORIENTED_EDGE('',*,*,#3583,.F.);
#3680=ORIENTED_EDGE('',*,*,#3598,.F.);
#3681=ORIENTED_EDGE('',*,*,#3612,.F.);
#3682=ORIENTED_EDGE('',*,*,#3626,.F.);
#3683=ORIENTED_EDGE('',*,*,#3640,.F.);
#3684=ORIENTED_EDGE('',*,*,#3654,.F.);
#3685=ORIENTED_EDGE('',*,*,#3665,.F.);
#3687=ORIENTED_EDGE('',*,*,#3686,.T.);
#3689=ORIENTED_EDGE('',*,*,#3688,.T.);
#3691=ORIENTED_EDGE('',*,*,#3690,.T.);
#3693=ORIENTED_EDGE('',*,*,#3692,.T.);
#3695=ORIENTED_EDGE('',*,*,#3694,.T.);
#3696=EDGE_LOOP('',(#3679,#3680,#3681,#3682,#3683,#3684,#3685,#3687,#3689,#3691,
#3693,#3695));
#3697=FACE_OUTER_BOUND('',#3696,.F.);
#3699=CARTESIAN_POINT('',(2.E-1,1.85E0,-1.32E1));
#3700=DIRECTION('',(1.E0,0.E0,0.E0));
#3701=DIRECTION('',(0.E0,0.E0,-1.E0));
#3702=AXIS2_PLACEMENT_3D('',#3699,#3700,#3701);
#3703=PLANE('',#3702);
#3704=ORIENTED_EDGE('',*,*,#2313,.T.);
#3706=ORIENTED_EDGE('',*,*,#3705,.T.);
#3707=ORIENTED_EDGE('',*,*,#3686,.F.);
#3708=ORIENTED_EDGE('',*,*,#3669,.F.);
#3709=EDGE_LOOP('',(#3704,#3706,#3707,#3708));
#3710=FACE_OUTER_BOUND('',#3709,.F.);
#3712=CARTESIAN_POINT('',(2.E-1,1.85E0,-1.215E1));
#3713=DIRECTION('',(0.E0,0.E0,-1.E0));
#3714=DIRECTION('',(-1.E0,0.E0,0.E0));
#3715=AXIS2_PLACEMENT_3D('',#3712,#3713,#3714);
#3716=PLANE('',#3715);
#3717=ORIENTED_EDGE('',*,*,#2311,.T.);
#3719=ORIENTED_EDGE('',*,*,#3718,.T.);
#3720=ORIENTED_EDGE('',*,*,#3688,.F.);
#3721=ORIENTED_EDGE('',*,*,#3705,.F.);
#3722=EDGE_LOOP('',(#3717,#3719,#3720,#3721));
#3723=FACE_OUTER_BOUND('',#3722,.F.);
#3725=CARTESIAN_POINT('',(1.25E0,1.85E0,-1.215E1));
#3726=DIRECTION('',(1.E0,0.E0,0.E0));
#3727=DIRECTION('',(0.E0,0.E0,-1.E0));
#3728=AXIS2_PLACEMENT_3D('',#3725,#3726,#3727);
#3729=PLANE('',#3728);
#3730=ORIENTED_EDGE('',*,*,#2309,.T.);
#3732=ORIENTED_EDGE('',*,*,#3731,.T.);
#3733=ORIENTED_EDGE('',*,*,#3690,.F.);
#3734=ORIENTED_EDGE('',*,*,#3718,.F.);
#3735=EDGE_LOOP('',(#3730,#3732,#3733,#3734));
#3736=FACE_OUTER_BOUND('',#3735,.F.);
#3738=CARTESIAN_POINT('',(1.25E0,1.85E0,-1.175E1));
#3739=DIRECTION('',(0.E0,0.E0,1.E0));
#3740=DIRECTION('',(1.E0,0.E0,0.E0));
#3741=AXIS2_PLACEMENT_3D('',#3738,#3739,#3740);
#3742=PLANE('',#3741);
#3743=ORIENTED_EDGE('',*,*,#2307,.T.);
#3745=ORIENTED_EDGE('',*,*,#3744,.T.);
#3746=ORIENTED_EDGE('',*,*,#3692,.F.);
#3747=ORIENTED_EDGE('',*,*,#3731,.F.);
#3748=EDGE_LOOP('',(#3743,#3745,#3746,#3747));
#3749=FACE_OUTER_BOUND('',#3748,.F.);
#3751=CARTESIAN_POINT('',(2.E-1,1.85E0,-1.175E1));
#3752=DIRECTION('',(1.E0,0.E0,0.E0));
#3753=DIRECTION('',(0.E0,0.E0,-1.E0));
#3754=AXIS2_PLACEMENT_3D('',#3751,#3752,#3753);
#3755=PLANE('',#3754);
#3756=ORIENTED_EDGE('',*,*,#2305,.T.);
#3757=ORIENTED_EDGE('',*,*,#3585,.T.);
#3758=ORIENTED_EDGE('',*,*,#3694,.F.);
#3759=ORIENTED_EDGE('',*,*,#3744,.F.);
#3760=EDGE_LOOP('',(#3756,#3757,#3758,#3759));
#3761=FACE_OUTER_BOUND('',#3760,.F.);
#3763=CARTESIAN_POINT('',(-5.5E0,-1.95E0,-6.5E0));
#3764=DIRECTION('',(0.E0,1.E0,0.E0));
#3765=DIRECTION('',(0.E0,0.E0,1.E0));
#3766=AXIS2_PLACEMENT_3D('',#3763,#3764,#3765);
#3767=CYLINDRICAL_SURFACE('',#3766,3.1E0);
#3769=ORIENTED_EDGE('',*,*,#3768,.F.);
#3770=ORIENTED_EDGE('',*,*,#2329,.T.);
#3771=ORIENTED_EDGE('',*,*,#2341,.T.);
#3773=ORIENTED_EDGE('',*,*,#3772,.F.);
#3774=ORIENTED_EDGE('',*,*,#2216,.T.);
#3775=ORIENTED_EDGE('',*,*,#2214,.T.);
#3776=EDGE_LOOP('',(#3769,#3770,#3771,#3773,#3774,#3775));
#3777=FACE_OUTER_BOUND('',#3776,.F.);
#3779=CARTESIAN_POINT('',(-7.115E0,-1.95E0,-3.853913266728E0));
#3780=DIRECTION('',(-1.E0,0.E0,0.E0));
#3781=DIRECTION('',(0.E0,0.E0,-1.E0));
#3782=AXIS2_PLACEMENT_3D('',#3779,#3780,#3781);
#3783=PLANE('',#3782);
#3784=ORIENTED_EDGE('',*,*,#2212,.T.);
#3786=ORIENTED_EDGE('',*,*,#3785,.T.);
#3787=ORIENTED_EDGE('',*,*,#2331,.F.);
#3788=ORIENTED_EDGE('',*,*,#3768,.T.);
#3789=EDGE_LOOP('',(#3784,#3786,#3787,#3788));
#3790=FACE_OUTER_BOUND('',#3789,.F.);
#3792=CARTESIAN_POINT('',(-7.1025E0,-1.95E0,3.875E-1));
#3793=DIRECTION('',(0.E0,-1.E0,0.E0));
#3794=DIRECTION('',(0.E0,0.E0,-1.E0));
#3795=AXIS2_PLACEMENT_3D('',#3792,#3793,#3794);
#3796=CYLINDRICAL_SURFACE('',#3795,1.25E-2);
#3797=ORIENTED_EDGE('',*,*,#3785,.F.);
#3798=ORIENTED_EDGE('',*,*,#2210,.T.);
#3800=ORIENTED_EDGE('',*,*,#3799,.T.);
#3801=ORIENTED_EDGE('',*,*,#2333,.T.);
#3802=EDGE_LOOP('',(#3797,#3798,#3800,#3801));
#3803=FACE_OUTER_BOUND('',#3802,.F.);
#3805=CARTESIAN_POINT('',(-7.1025E0,-1.95E0,3.875E-1));
#3806=DIRECTION('',(0.E0,1.E0,0.E0));
#3807=DIRECTION('',(0.E0,0.E0,1.E0));
#3808=AXIS2_PLACEMENT_3D('',#3805,#3806,#3807);
#3809=CYLINDRICAL_SURFACE('',#3808,1.25E-2);
#3811=ORIENTED_EDGE('',*,*,#3810,.T.);
#3813=ORIENTED_EDGE('',*,*,#3812,.F.);
#3815=ORIENTED_EDGE('',*,*,#3814,.T.);
#3816=ORIENTED_EDGE('',*,*,#3799,.F.);
#3817=EDGE_LOOP('',(#3811,#3813,#3815,#3816));
#3818=FACE_OUTER_BOUND('',#3817,.F.);
#3820=CARTESIAN_POINT('',(-7.09E0,1.4E0,4.E-1));
#3821=DIRECTION('',(1.E0,0.E0,0.E0));
#3822=DIRECTION('',(0.E0,0.E0,1.E0));
#3823=AXIS2_PLACEMENT_3D('',#3820,#3821,#3822);
#3824=CYLINDRICAL_SURFACE('',#3823,3.E-1);
#3825=ORIENTED_EDGE('',*,*,#2208,.F.);
#3827=ORIENTED_EDGE('',*,*,#3826,.F.);
#3829=ORIENTED_EDGE('',*,*,#3828,.T.);
#3831=ORIENTED_EDGE('',*,*,#3830,.F.);
#3833=ORIENTED_EDGE('',*,*,#3832,.T.);
#3834=ORIENTED_EDGE('',*,*,#3810,.F.);
#3835=EDGE_LOOP('',(#3825,#3827,#3829,#3831,#3833,#3834));
#3836=FACE_OUTER_BOUND('',#3835,.F.);
#3838=CARTESIAN_POINT('',(-3.8975E0,1.668721406497E0,3.875E-1));
#3839=DIRECTION('',(0.E0,1.E0,0.E0));
#3840=DIRECTION('',(0.E0,0.E0,1.E0));
#3841=AXIS2_PLACEMENT_3D('',#3838,#3839,#3840);
#3842=CYLINDRICAL_SURFACE('',#3841,1.25E-2);
#3843=ORIENTED_EDGE('',*,*,#3826,.T.);
#3845=ORIENTED_EDGE('',*,*,#3844,.F.);
#3847=ORIENTED_EDGE('',*,*,#3846,.T.);
#3849=ORIENTED_EDGE('',*,*,#3848,.F.);
#3850=EDGE_LOOP('',(#3843,#3845,#3847,#3849));
#3851=FACE_OUTER_BOUND('',#3850,.F.);
#3853=CARTESIAN_POINT('',(-3.8975E0,-1.95E0,3.875E-1));
#3854=DIRECTION('',(0.E0,-1.E0,0.E0));
#3855=DIRECTION('',(0.E0,0.E0,-1.E0));
#3856=AXIS2_PLACEMENT_3D('',#3853,#3854,#3855);
#3857=CYLINDRICAL_SURFACE('',#3856,1.25E-2);
#3858=ORIENTED_EDGE('',*,*,#3844,.T.);
#3859=ORIENTED_EDGE('',*,*,#2220,.T.);
#3861=ORIENTED_EDGE('',*,*,#3860,.F.);
#3862=ORIENTED_EDGE('',*,*,#2337,.T.);
#3863=EDGE_LOOP('',(#3858,#3859,#3861,#3862));
#3864=FACE_OUTER_BOUND('',#3863,.F.);
#3866=CARTESIAN_POINT('',(-3.885E0,-1.95E0,-3.853913266728E0));
#3867=DIRECTION('',(1.E0,0.E0,0.E0));
#3868=DIRECTION('',(0.E0,0.E0,1.E0));
#3869=AXIS2_PLACEMENT_3D('',#3866,#3867,#3868);
#3870=PLANE('',#3869);
#3871=ORIENTED_EDGE('',*,*,#2339,.F.);
#3872=ORIENTED_EDGE('',*,*,#3860,.T.);
#3873=ORIENTED_EDGE('',*,*,#2218,.T.);
#3874=ORIENTED_EDGE('',*,*,#3772,.T.);
#3875=EDGE_LOOP('',(#3871,#3872,#3873,#3874));
#3876=FACE_OUTER_BOUND('',#3875,.F.);
#3878=CARTESIAN_POINT('',(-7.09E0,1.4E0,4.E-1));
#3879=DIRECTION('',(1.E0,0.E0,0.E0));
#3880=DIRECTION('',(0.E0,0.E0,1.E0));
#3881=AXIS2_PLACEMENT_3D('',#3878,#3879,#3880);
#3882=CYLINDRICAL_SURFACE('',#3881,5.5E-1);
#3884=ORIENTED_EDGE('',*,*,#3883,.T.);
#3885=ORIENTED_EDGE('',*,*,#3846,.F.);
#3886=ORIENTED_EDGE('',*,*,#2335,.F.);
#3887=ORIENTED_EDGE('',*,*,#3814,.F.);
#3889=ORIENTED_EDGE('',*,*,#3888,.T.);
#3891=ORIENTED_EDGE('',*,*,#3890,.F.);
#3892=EDGE_LOOP('',(#3884,#3885,#3886,#3887,#3889,#3891));
#3893=FACE_OUTER_BOUND('',#3892,.F.);
#3895=CARTESIAN_POINT('',(-3.91E0,1.668721406497E0,2.666253184068E-1));
#3896=DIRECTION('',(1.E0,0.E0,0.E0));
#3897=DIRECTION('',(0.E0,0.E0,1.E0));
#3898=AXIS2_PLACEMENT_3D('',#3895,#3896,#3897);
#3899=PLANE('',#3898);
#3900=ORIENTED_EDGE('',*,*,#3828,.F.);
#3901=ORIENTED_EDGE('',*,*,#3848,.T.);
#3902=ORIENTED_EDGE('',*,*,#3883,.F.);
#3904=ORIENTED_EDGE('',*,*,#3903,.T.);
#3905=EDGE_LOOP('',(#3900,#3901,#3902,#3904));
#3906=FACE_OUTER_BOUND('',#3905,.F.);
#3908=CARTESIAN_POINT('',(-3.91E0,-5.E-1,-5.34E0));
#3909=DIRECTION('',(-1.E0,0.E0,0.E0));
#3910=DIRECTION('',(0.E0,0.E0,-1.E0));
#3911=AXIS2_PLACEMENT_3D('',#3908,#3909,#3910);
#3912=PLANE('',#3911);
#3914=ORIENTED_EDGE('',*,*,#3913,.F.);
#3916=ORIENTED_EDGE('',*,*,#3915,.F.);
#3918=ORIENTED_EDGE('',*,*,#3917,.F.);
#3919=ORIENTED_EDGE('',*,*,#3903,.F.);
#3920=EDGE_LOOP('',(#3914,#3916,#3918,#3919));
#3921=FACE_OUTER_BOUND('',#3920,.F.);
#3923=CARTESIAN_POINT('',(-7.09E0,1.892655911912E0,1.554797504124E-1));
#3924=DIRECTION('',(0.E0,8.957380216578E-1,-4.445822719773E-1));
#3925=DIRECTION('',(0.E0,4.445822719773E-1,8.957380216578E-1));
#3926=AXIS2_PLACEMENT_3D('',#3923,#3924,#3925);
#3927=PLANE('',#3926);
#3928=ORIENTED_EDGE('',*,*,#3913,.T.);
#3929=ORIENTED_EDGE('',*,*,#3890,.T.);
#3931=ORIENTED_EDGE('',*,*,#3930,.T.);
#3933=ORIENTED_EDGE('',*,*,#3932,.T.);
#3934=EDGE_LOOP('',(#3928,#3929,#3931,#3933));
#3935=FACE_OUTER_BOUND('',#3934,.F.);
#3937=CARTESIAN_POINT('',(-7.09E0,-8.E-1,-5.34E0));
#3938=DIRECTION('',(-1.E0,0.E0,0.E0));
#3939=DIRECTION('',(0.E0,0.E0,-1.E0));
#3940=AXIS2_PLACEMENT_3D('',#3937,#3938,#3939);
#3941=PLANE('',#3940);
#3943=ORIENTED_EDGE('',*,*,#3942,.F.);
#3945=ORIENTED_EDGE('',*,*,#3944,.F.);
#3946=ORIENTED_EDGE('',*,*,#3930,.F.);
#3948=ORIENTED_EDGE('',*,*,#3947,.F.);
#3949=EDGE_LOOP('',(#3943,#3945,#3946,#3948));
#3950=FACE_OUTER_BOUND('',#3949,.F.);
#3952=CARTESIAN_POINT('',(-7.09E0,1.668721406497E0,2.666253184068E-1));
#3953=DIRECTION('',(0.E0,8.957380216578E-1,-4.445822719773E-1));
#3954=DIRECTION('',(0.E0,4.445822719773E-1,8.957380216578E-1));
#3955=AXIS2_PLACEMENT_3D('',#3952,#3953,#3954);
#3956=PLANE('',#3955);
#3957=ORIENTED_EDGE('',*,*,#3917,.T.);
#3959=ORIENTED_EDGE('',*,*,#3958,.T.);
#3960=ORIENTED_EDGE('',*,*,#3942,.T.);
#3961=ORIENTED_EDGE('',*,*,#3830,.T.);
#3962=EDGE_LOOP('',(#3957,#3959,#3960,#3961));
#3963=FACE_OUTER_BOUND('',#3962,.F.);
#3965=CARTESIAN_POINT('',(-7.09E0,-5.E-1,-5.34E0));
#3966=DIRECTION('',(1.E0,0.E0,0.E0));
#3967=DIRECTION('',(0.E0,0.E0,1.E0));
#3968=AXIS2_PLACEMENT_3D('',#3965,#3966,#3967);
#3969=CYLINDRICAL_SURFACE('',#3968,5.5E-1);
#3971=ORIENTED_EDGE('',*,*,#3970,.T.);
#3973=ORIENTED_EDGE('',*,*,#3972,.F.);
#3975=ORIENTED_EDGE('',*,*,#3974,.T.);
#3976=ORIENTED_EDGE('',*,*,#3958,.F.);
#3977=EDGE_LOOP('',(#3971,#3973,#3975,#3976));
#3978=FACE_OUTER_BOUND('',#3977,.F.);
#3980=CARTESIAN_POINT('',(-3.91E0,-1.05E0,-5.34E0));
#3981=DIRECTION('',(1.E0,0.E0,0.E0));
#3982=DIRECTION('',(0.E0,0.E0,1.E0));
#3983=AXIS2_PLACEMENT_3D('',#3980,#3981,#3982);
#3984=PLANE('',#3983);
#3986=ORIENTED_EDGE('',*,*,#3985,.T.);
#3987=ORIENTED_EDGE('',*,*,#3970,.F.);
#3988=ORIENTED_EDGE('',*,*,#3915,.T.);
#3990=ORIENTED_EDGE('',*,*,#3989,.F.);
#3991=EDGE_LOOP('',(#3986,#3987,#3988,#3990));
#3992=FACE_OUTER_BOUND('',#3991,.F.);
#3994=CARTESIAN_POINT('',(-3.91E0,-7.687214064973E-1,-5.206625318407E0));
#3995=DIRECTION('',(1.E0,0.E0,0.E0));
#3996=DIRECTION('',(0.E0,0.E0,1.E0));
#3997=AXIS2_PLACEMENT_3D('',#3994,#3995,#3996);
#3998=PLANE('',#3997);
#4000=ORIENTED_EDGE('',*,*,#3999,.F.);
#4002=ORIENTED_EDGE('',*,*,#4001,.T.);
#4004=ORIENTED_EDGE('',*,*,#4003,.T.);
#4005=ORIENTED_EDGE('',*,*,#3985,.F.);
#4006=EDGE_LOOP('',(#4000,#4002,#4004,#4005));
#4007=FACE_OUTER_BOUND('',#4006,.F.);
#4009=CARTESIAN_POINT('',(-7.09E0,-8.E-1,-5.34E0));
#4010=DIRECTION('',(0.E0,1.E0,0.E0));
#4011=DIRECTION('',(0.E0,0.E0,1.E0));
#4012=AXIS2_PLACEMENT_3D('',#4009,#4010,#4011);
#4013=PLANE('',#4012);
#4015=ORIENTED_EDGE('',*,*,#4014,.F.);
#4017=ORIENTED_EDGE('',*,*,#4016,.F.);
#4018=ORIENTED_EDGE('',*,*,#3999,.T.);
#4020=ORIENTED_EDGE('',*,*,#4019,.T.);
#4022=ORIENTED_EDGE('',*,*,#4021,.F.);
#4023=EDGE_LOOP('',(#4015,#4017,#4018,#4020,#4022));
#4024=FACE_OUTER_BOUND('',#4023,.F.);
#4026=CARTESIAN_POINT('',(-5.5E0,-8.E-1,-6.5E0));
#4027=DIRECTION('',(0.E0,-1.E0,0.E0));
#4028=DIRECTION('',(0.E0,0.E0,-1.E0));
#4029=AXIS2_PLACEMENT_3D('',#4026,#4027,#4028);
#4030=CYLINDRICAL_SURFACE('',#4029,1.59E0);
#4032=ORIENTED_EDGE('',*,*,#4031,.T.);
#4033=ORIENTED_EDGE('',*,*,#4014,.T.);
#4035=ORIENTED_EDGE('',*,*,#4034,.F.);
#4037=ORIENTED_EDGE('',*,*,#4036,.T.);
#4038=EDGE_LOOP('',(#4032,#4033,#4035,#4037));
#4039=FACE_OUTER_BOUND('',#4038,.F.);
#4041=CARTESIAN_POINT('',(-5.5E0,-7.687214064973E-1,-6.5E0));
#4042=DIRECTION('',(0.E0,-1.E0,0.E0));
#4043=DIRECTION('',(0.E0,0.E0,-1.E0));
#4044=AXIS2_PLACEMENT_3D('',#4041,#4042,#4043);
#4045=CYLINDRICAL_SURFACE('',#4044,1.59E0);
#4046=ORIENTED_EDGE('',*,*,#4016,.T.);
#4047=ORIENTED_EDGE('',*,*,#4031,.F.);
#4049=ORIENTED_EDGE('',*,*,#4048,.T.);
#4050=ORIENTED_EDGE('',*,*,#4001,.F.);
#4051=EDGE_LOOP('',(#4046,#4047,#4049,#4050));
#4052=FACE_OUTER_BOUND('',#4051,.F.);
#4054=CARTESIAN_POINT('',(-7.09E0,-1.05E0,-5.34E0));
#4055=DIRECTION('',(0.E0,1.E0,0.E0));
#4056=DIRECTION('',(0.E0,0.E0,1.E0));
#4057=AXIS2_PLACEMENT_3D('',#4054,#4055,#4056);
#4058=PLANE('',#4057);
#4059=ORIENTED_EDGE('',*,*,#4003,.F.);
#4060=ORIENTED_EDGE('',*,*,#4048,.F.);
#4061=ORIENTED_EDGE('',*,*,#4036,.F.);
#4063=ORIENTED_EDGE('',*,*,#4062,.T.);
#4064=ORIENTED_EDGE('',*,*,#3972,.T.);
#4065=EDGE_LOOP('',(#4059,#4060,#4061,#4063,#4064));
#4066=FACE_OUTER_BOUND('',#4065,.F.);
#4068=CARTESIAN_POINT('',(-7.09E0,-5.E-1,-5.34E0));
#4069=DIRECTION('',(-1.E0,0.E0,0.E0));
#4070=DIRECTION('',(0.E0,0.E0,-1.E0));
#4071=AXIS2_PLACEMENT_3D('',#4068,#4069,#4070);
#4072=PLANE('',#4071);
#4073=ORIENTED_EDGE('',*,*,#4062,.F.);
#4074=ORIENTED_EDGE('',*,*,#4034,.T.);
#4075=ORIENTED_EDGE('',*,*,#4021,.T.);
#4077=ORIENTED_EDGE('',*,*,#4076,.F.);
#4078=EDGE_LOOP('',(#4073,#4074,#4075,#4077));
#4079=FACE_OUTER_BOUND('',#4078,.F.);
#4081=CARTESIAN_POINT('',(-7.09E0,-9.926559119118E-1,-5.095479750413E0));
#4082=DIRECTION('',(-1.E0,0.E0,0.E0));
#4083=DIRECTION('',(0.E0,0.E0,-1.E0));
#4084=AXIS2_PLACEMENT_3D('',#4081,#4082,#4083);
#4085=PLANE('',#4084);
#4086=ORIENTED_EDGE('',*,*,#3944,.T.);
#4087=ORIENTED_EDGE('',*,*,#3974,.F.);
#4088=ORIENTED_EDGE('',*,*,#4076,.T.);
#4090=ORIENTED_EDGE('',*,*,#4089,.F.);
#4091=EDGE_LOOP('',(#4086,#4087,#4088,#4090));
#4092=FACE_OUTER_BOUND('',#4091,.F.);
#4094=CARTESIAN_POINT('',(-7.09E0,-5.E-1,-5.34E0));
#4095=DIRECTION('',(1.E0,0.E0,0.E0));
#4096=DIRECTION('',(0.E0,0.E0,1.E0));
#4097=AXIS2_PLACEMENT_3D('',#4094,#4095,#4096);
#4098=CYLINDRICAL_SURFACE('',#4097,3.E-1);
#4099=ORIENTED_EDGE('',*,*,#3989,.T.);
#4100=ORIENTED_EDGE('',*,*,#3932,.F.);
#4101=ORIENTED_EDGE('',*,*,#4089,.T.);
#4102=ORIENTED_EDGE('',*,*,#4019,.F.);
#4103=EDGE_LOOP('',(#4099,#4100,#4101,#4102));
#4104=FACE_OUTER_BOUND('',#4103,.F.);
#4106=CARTESIAN_POINT('',(-7.09E0,1.892655911912E0,1.554797504124E-1));
#4107=DIRECTION('',(-1.E0,0.E0,0.E0));
#4108=DIRECTION('',(0.E0,0.E0,-1.E0));
#4109=AXIS2_PLACEMENT_3D('',#4106,#4107,#4108);
#4110=PLANE('',#4109);
#4111=ORIENTED_EDGE('',*,*,#3888,.F.);
#4112=ORIENTED_EDGE('',*,*,#3812,.T.);
#4113=ORIENTED_EDGE('',*,*,#3832,.F.);
#4114=ORIENTED_EDGE('',*,*,#3947,.T.);
#4115=EDGE_LOOP('',(#4111,#4112,#4113,#4114));
#4116=FACE_OUTER_BOUND('',#4115,.F.);
#4118=CARTESIAN_POINT('',(5.5E0,-1.95E0,-6.5E0));
#4119=DIRECTION('',(0.E0,1.E0,0.E0));
#4120=DIRECTION('',(0.E0,0.E0,1.E0));
#4121=AXIS2_PLACEMENT_3D('',#4118,#4119,#4120);
#4122=CYLINDRICAL_SURFACE('',#4121,3.1E0);
#4124=ORIENTED_EDGE('',*,*,#4123,.F.);
#4125=ORIENTED_EDGE('',*,*,#2231,.T.);
#4126=ORIENTED_EDGE('',*,*,#2229,.T.);
#4128=ORIENTED_EDGE('',*,*,#4127,.F.);
#4129=ORIENTED_EDGE('',*,*,#2345,.T.);
#4130=ORIENTED_EDGE('',*,*,#2356,.T.);
#4131=EDGE_LOOP('',(#4124,#4125,#4126,#4128,#4129,#4130));
#4132=FACE_OUTER_BOUND('',#4131,.F.);
#4134=CARTESIAN_POINT('',(7.115E0,-1.95E0,-3.853913266728E0));
#4135=DIRECTION('',(1.E0,0.E0,0.E0));
#4136=DIRECTION('',(0.E0,0.E0,-1.E0));
#4137=AXIS2_PLACEMENT_3D('',#4134,#4135,#4136);
#4138=PLANE('',#4137);
#4139=ORIENTED_EDGE('',*,*,#2233,.F.);
#4140=ORIENTED_EDGE('',*,*,#4123,.T.);
#4141=ORIENTED_EDGE('',*,*,#2354,.T.);
#4143=ORIENTED_EDGE('',*,*,#4142,.T.);
#4144=EDGE_LOOP('',(#4139,#4140,#4141,#4143));
#4145=FACE_OUTER_BOUND('',#4144,.F.);
#4147=CARTESIAN_POINT('',(7.1025E0,-1.95E0,3.875E-1));
#4148=DIRECTION('',(0.E0,-1.E0,0.E0));
#4149=DIRECTION('',(0.E0,0.E0,-1.E0));
#4150=AXIS2_PLACEMENT_3D('',#4147,#4148,#4149);
#4151=CYLINDRICAL_SURFACE('',#4150,1.25E-2);
#4152=ORIENTED_EDGE('',*,*,#4142,.F.);
#4153=ORIENTED_EDGE('',*,*,#2352,.T.);
#4155=ORIENTED_EDGE('',*,*,#4154,.F.);
#4156=ORIENTED_EDGE('',*,*,#2235,.T.);
#4157=EDGE_LOOP('',(#4152,#4153,#4155,#4156));
#4158=FACE_OUTER_BOUND('',#4157,.F.);
#4160=CARTESIAN_POINT('',(7.1025E0,-1.95E0,3.875E-1));
#4161=DIRECTION('',(0.E0,1.E0,0.E0));
#4162=DIRECTION('',(0.E0,0.E0,1.E0));
#4163=AXIS2_PLACEMENT_3D('',#4160,#4161,#4162);
#4164=CYLINDRICAL_SURFACE('',#4163,1.25E-2);
#4165=ORIENTED_EDGE('',*,*,#2147,.F.);
#4166=ORIENTED_EDGE('',*,*,#4154,.T.);
#4167=ORIENTED_EDGE('',*,*,#2116,.F.);
#4169=ORIENTED_EDGE('',*,*,#4168,.F.);
#4170=EDGE_LOOP('',(#4165,#4166,#4167,#4169));
#4171=FACE_OUTER_BOUND('',#4170,.F.);
#4173=CARTESIAN_POINT('',(7.09E0,1.892655911912E0,1.554797504124E-1));
#4174=DIRECTION('',(1.E0,0.E0,0.E0));
#4175=DIRECTION('',(0.E0,0.E0,-1.E0));
#4176=AXIS2_PLACEMENT_3D('',#4173,#4174,#4175);
#4177=PLANE('',#4176);
#4178=ORIENTED_EDGE('',*,*,#2114,.F.);
#4180=ORIENTED_EDGE('',*,*,#4179,.F.);
#4181=ORIENTED_EDGE('',*,*,#2149,.F.);
#4182=ORIENTED_EDGE('',*,*,#4168,.T.);
#4183=EDGE_LOOP('',(#4178,#4180,#4181,#4182));
#4184=FACE_OUTER_BOUND('',#4183,.F.);
#4186=CARTESIAN_POINT('',(7.09E0,-8.E-1,-5.34E0));
#4187=DIRECTION('',(1.E0,0.E0,0.E0));
#4188=DIRECTION('',(0.E0,0.E0,-1.E0));
#4189=AXIS2_PLACEMENT_3D('',#4186,#4187,#4188);
#4190=PLANE('',#4189);
#4192=ORIENTED_EDGE('',*,*,#4191,.F.);
#4193=ORIENTED_EDGE('',*,*,#4179,.T.);
#4195=ORIENTED_EDGE('',*,*,#4194,.F.);
#4197=ORIENTED_EDGE('',*,*,#4196,.T.);
#4198=EDGE_LOOP('',(#4192,#4193,#4195,#4197));
#4199=FACE_OUTER_BOUND('',#4198,.F.);
#4201=CARTESIAN_POINT('',(7.09E0,1.668721406497E0,2.666253184068E-1));
#4202=DIRECTION('',(0.E0,8.957380216578E-1,-4.445822719773E-1));
#4203=DIRECTION('',(0.E0,4.445822719773E-1,8.957380216578E-1));
#4204=AXIS2_PLACEMENT_3D('',#4201,#4202,#4203);
#4205=PLANE('',#4204);
#4207=ORIENTED_EDGE('',*,*,#4206,.T.);
#4208=ORIENTED_EDGE('',*,*,#2151,.T.);
#4209=ORIENTED_EDGE('',*,*,#4191,.T.);
#4211=ORIENTED_EDGE('',*,*,#4210,.T.);
#4212=EDGE_LOOP('',(#4207,#4208,#4209,#4211));
#4213=FACE_OUTER_BOUND('',#4212,.F.);
#4215=CARTESIAN_POINT('',(3.91E0,-5.E-1,-5.34E0));
#4216=DIRECTION('',(1.E0,0.E0,0.E0));
#4217=DIRECTION('',(0.E0,0.E0,-1.E0));
#4218=AXIS2_PLACEMENT_3D('',#4215,#4216,#4217);
#4219=PLANE('',#4218);
#4221=ORIENTED_EDGE('',*,*,#4220,.F.);
#4222=ORIENTED_EDGE('',*,*,#2132,.T.);
#4223=ORIENTED_EDGE('',*,*,#4206,.F.);
#4225=ORIENTED_EDGE('',*,*,#4224,.T.);
#4226=EDGE_LOOP('',(#4221,#4222,#4223,#4225));
#4227=FACE_OUTER_BOUND('',#4226,.F.);
#4229=CARTESIAN_POINT('',(7.09E0,1.892655911912E0,1.554797504124E-1));
#4230=DIRECTION('',(0.E0,8.957380216578E-1,-4.445822719773E-1));
#4231=DIRECTION('',(0.E0,4.445822719773E-1,8.957380216578E-1));
#4232=AXIS2_PLACEMENT_3D('',#4229,#4230,#4231);
#4233=PLANE('',#4232);
#4234=ORIENTED_EDGE('',*,*,#4220,.T.);
#4236=ORIENTED_EDGE('',*,*,#4235,.T.);
#4237=ORIENTED_EDGE('',*,*,#4194,.T.);
#4238=ORIENTED_EDGE('',*,*,#2112,.T.);
#4239=EDGE_LOOP('',(#4234,#4236,#4237,#4238));
#4240=FACE_OUTER_BOUND('',#4239,.F.);
#4242=CARTESIAN_POINT('',(7.09E0,-5.E-1,-5.34E0));
#4243=DIRECTION('',(-1.E0,0.E0,0.E0));
#4244=DIRECTION('',(0.E0,0.E0,1.E0));
#4245=AXIS2_PLACEMENT_3D('',#4242,#4243,#4244);
#4246=CYLINDRICAL_SURFACE('',#4245,3.E-1);
#4248=ORIENTED_EDGE('',*,*,#4247,.T.);
#4250=ORIENTED_EDGE('',*,*,#4249,.F.);
#4252=ORIENTED_EDGE('',*,*,#4251,.T.);
#4253=ORIENTED_EDGE('',*,*,#4235,.F.);
#4254=EDGE_LOOP('',(#4248,#4250,#4252,#4253));
#4255=FACE_OUTER_BOUND('',#4254,.F.);
#4257=CARTESIAN_POINT('',(3.91E0,-1.05E0,-5.34E0));
#4258=DIRECTION('',(-1.E0,0.E0,0.E0));
#4259=DIRECTION('',(0.E0,0.E0,1.E0));
#4260=AXIS2_PLACEMENT_3D('',#4257,#4258,#4259);
#4261=PLANE('',#4260);
#4263=ORIENTED_EDGE('',*,*,#4262,.F.);
#4264=ORIENTED_EDGE('',*,*,#4247,.F.);
#4265=ORIENTED_EDGE('',*,*,#4224,.F.);
#4267=ORIENTED_EDGE('',*,*,#4266,.F.);
#4268=EDGE_LOOP('',(#4263,#4264,#4265,#4267));
#4269=FACE_OUTER_BOUND('',#4268,.F.);
#4271=CARTESIAN_POINT('',(3.91E0,-7.687214064973E-1,-5.206625318407E0));
#4272=DIRECTION('',(-1.E0,0.E0,0.E0));
#4273=DIRECTION('',(0.E0,0.E0,1.E0));
#4274=AXIS2_PLACEMENT_3D('',#4271,#4272,#4273);
#4275=PLANE('',#4274);
#4277=ORIENTED_EDGE('',*,*,#4276,.T.);
#4278=ORIENTED_EDGE('',*,*,#4262,.T.);
#4280=ORIENTED_EDGE('',*,*,#4279,.F.);
#4282=ORIENTED_EDGE('',*,*,#4281,.T.);
#4283=EDGE_LOOP('',(#4277,#4278,#4280,#4282));
#4284=FACE_OUTER_BOUND('',#4283,.F.);
#4286=CARTESIAN_POINT('',(7.09E0,-8.E-1,-5.34E0));
#4287=DIRECTION('',(0.E0,1.E0,0.E0));
#4288=DIRECTION('',(0.E0,0.E0,1.E0));
#4289=AXIS2_PLACEMENT_3D('',#4286,#4287,#4288);
#4290=PLANE('',#4289);
#4292=ORIENTED_EDGE('',*,*,#4291,.F.);
#4294=ORIENTED_EDGE('',*,*,#4293,.T.);
#4295=ORIENTED_EDGE('',*,*,#4249,.T.);
#4296=ORIENTED_EDGE('',*,*,#4276,.F.);
#4298=ORIENTED_EDGE('',*,*,#4297,.F.);
#4299=EDGE_LOOP('',(#4292,#4294,#4295,#4296,#4298));
#4300=FACE_OUTER_BOUND('',#4299,.F.);
#4302=CARTESIAN_POINT('',(5.5E0,-8.E-1,-6.5E0));
#4303=DIRECTION('',(0.E0,-1.E0,0.E0));
#4304=DIRECTION('',(0.E0,0.E0,-1.E0));
#4305=AXIS2_PLACEMENT_3D('',#4302,#4303,#4304);
#4306=CYLINDRICAL_SURFACE('',#4305,1.59E0);
#4308=ORIENTED_EDGE('',*,*,#4307,.F.);
#4310=ORIENTED_EDGE('',*,*,#4309,.T.);
#4312=ORIENTED_EDGE('',*,*,#4311,.F.);
#4313=ORIENTED_EDGE('',*,*,#4291,.T.);
#4314=EDGE_LOOP('',(#4308,#4310,#4312,#4313));
#4315=FACE_OUTER_BOUND('',#4314,.F.);
#4317=CARTESIAN_POINT('',(5.5E0,-7.687214064973E-1,-6.5E0));
#4318=DIRECTION('',(0.E0,-1.E0,0.E0));
#4319=DIRECTION('',(0.E0,0.E0,-1.E0));
#4320=AXIS2_PLACEMENT_3D('',#4317,#4318,#4319);
#4321=CYLINDRICAL_SURFACE('',#4320,1.59E0);
#4322=ORIENTED_EDGE('',*,*,#4297,.T.);
#4323=ORIENTED_EDGE('',*,*,#4281,.F.);
#4325=ORIENTED_EDGE('',*,*,#4324,.T.);
#4326=ORIENTED_EDGE('',*,*,#4307,.T.);
#4327=EDGE_LOOP('',(#4322,#4323,#4325,#4326));
#4328=FACE_OUTER_BOUND('',#4327,.F.);
#4330=CARTESIAN_POINT('',(7.09E0,-1.05E0,-5.34E0));
#4331=DIRECTION('',(0.E0,1.E0,0.E0));
#4332=DIRECTION('',(0.E0,0.E0,1.E0));
#4333=AXIS2_PLACEMENT_3D('',#4330,#4331,#4332);
#4334=PLANE('',#4333);
#4335=ORIENTED_EDGE('',*,*,#4279,.T.);
#4337=ORIENTED_EDGE('',*,*,#4336,.T.);
#4339=ORIENTED_EDGE('',*,*,#4338,.F.);
#4340=ORIENTED_EDGE('',*,*,#4309,.F.);
#4341=ORIENTED_EDGE('',*,*,#4324,.F.);
#4342=EDGE_LOOP('',(#4335,#4337,#4339,#4340,#4341));
#4343=FACE_OUTER_BOUND('',#4342,.F.);
#4345=CARTESIAN_POINT('',(7.09E0,-5.E-1,-5.34E0));
#4346=DIRECTION('',(-1.E0,0.E0,0.E0));
#4347=DIRECTION('',(0.E0,0.E0,1.E0));
#4348=AXIS2_PLACEMENT_3D('',#4345,#4346,#4347);
#4349=CYLINDRICAL_SURFACE('',#4348,5.5E-1);
#4350=ORIENTED_EDGE('',*,*,#4266,.T.);
#4351=ORIENTED_EDGE('',*,*,#4210,.F.);
#4353=ORIENTED_EDGE('',*,*,#4352,.T.);
#4354=ORIENTED_EDGE('',*,*,#4336,.F.);
#4355=EDGE_LOOP('',(#4350,#4351,#4353,#4354));
#4356=FACE_OUTER_BOUND('',#4355,.F.);
#4358=CARTESIAN_POINT('',(7.09E0,-9.926559119118E-1,-5.095479750413E0));
#4359=DIRECTION('',(1.E0,0.E0,0.E0));
#4360=DIRECTION('',(0.E0,0.E0,-1.E0));
#4361=AXIS2_PLACEMENT_3D('',#4358,#4359,#4360);
#4362=PLANE('',#4361);
#4363=ORIENTED_EDGE('',*,*,#4196,.F.);
#4364=ORIENTED_EDGE('',*,*,#4251,.F.);
#4366=ORIENTED_EDGE('',*,*,#4365,.F.);
#4367=ORIENTED_EDGE('',*,*,#4352,.F.);
#4368=EDGE_LOOP('',(#4363,#4364,#4366,#4367));
#4369=FACE_OUTER_BOUND('',#4368,.F.);
#4371=CARTESIAN_POINT('',(7.09E0,-5.E-1,-5.34E0));
#4372=DIRECTION('',(1.E0,0.E0,0.E0));
#4373=DIRECTION('',(0.E0,0.E0,-1.E0));
#4374=AXIS2_PLACEMENT_3D('',#4371,#4372,#4373);
#4375=PLANE('',#4374);
#4376=ORIENTED_EDGE('',*,*,#4338,.T.);
#4377=ORIENTED_EDGE('',*,*,#4365,.T.);
#4378=ORIENTED_EDGE('',*,*,#4293,.F.);
#4379=ORIENTED_EDGE('',*,*,#4311,.T.);
#4380=EDGE_LOOP('',(#4376,#4377,#4378,#4379));
#4381=FACE_OUTER_BOUND('',#4380,.F.);
#4383=CARTESIAN_POINT('',(3.885E0,-1.95E0,-3.853913266728E0));
#4384=DIRECTION('',(-1.E0,0.E0,0.E0));
#4385=DIRECTION('',(0.E0,0.E0,1.E0));
#4386=AXIS2_PLACEMENT_3D('',#4383,#4384,#4385);
#4387=PLANE('',#4386);
#4388=ORIENTED_EDGE('',*,*,#2347,.T.);
#4389=ORIENTED_EDGE('',*,*,#4127,.T.);
#4390=ORIENTED_EDGE('',*,*,#2227,.F.);
#4392=ORIENTED_EDGE('',*,*,#4391,.T.);
#4393=EDGE_LOOP('',(#4388,#4389,#4390,#4392));
#4394=FACE_OUTER_BOUND('',#4393,.F.);
#4396=CARTESIAN_POINT('',(3.8975E0,-1.95E0,3.875E-1));
#4397=DIRECTION('',(0.E0,-1.E0,0.E0));
#4398=DIRECTION('',(0.E0,0.E0,-1.E0));
#4399=AXIS2_PLACEMENT_3D('',#4396,#4397,#4398);
#4400=CYLINDRICAL_SURFACE('',#4399,1.25E-2);
#4402=ORIENTED_EDGE('',*,*,#4401,.F.);
#4403=ORIENTED_EDGE('',*,*,#2349,.T.);
#4404=ORIENTED_EDGE('',*,*,#4391,.F.);
#4405=ORIENTED_EDGE('',*,*,#2225,.T.);
#4406=EDGE_LOOP('',(#4402,#4403,#4404,#4405));
#4407=FACE_OUTER_BOUND('',#4406,.F.);
#4409=CARTESIAN_POINT('',(3.8975E0,1.668721406497E0,3.875E-1));
#4410=DIRECTION('',(0.E0,1.E0,0.E0));
#4411=DIRECTION('',(0.E0,0.E0,1.E0));
#4412=AXIS2_PLACEMENT_3D('',#4409,#4410,#4411);
#4413=CYLINDRICAL_SURFACE('',#4412,1.25E-2);
#4414=ORIENTED_EDGE('',*,*,#2154,.F.);
#4415=ORIENTED_EDGE('',*,*,#2135,.F.);
#4416=ORIENTED_EDGE('',*,*,#2120,.F.);
#4417=ORIENTED_EDGE('',*,*,#4401,.T.);
#4418=EDGE_LOOP('',(#4414,#4415,#4416,#4417));
#4419=FACE_OUTER_BOUND('',#4418,.F.);
#4425=PLANE_ANGLE_MEASURE_WITH_UNIT(PLANE_ANGLE_MEASURE(1.745329251994E-2),
#4424);
#4426=(CONVERSION_BASED_UNIT('DEGREE',#4425)NAMED_UNIT(*)PLANE_ANGLE_UNIT());
#4428=UNCERTAINTY_MEASURE_WITH_UNIT(LENGTH_MEASURE(1.E-3),#4423,
'distance_accuracy_value',
'Maximum model space distance between geometric entities at asserted connectivities');
#4431=APPLICATION_CONTEXT('automotive_design');
#4432=APPLICATION_PROTOCOL_DEFINITION('international standard',
'automotive_design',2001,#4431);
#4433=PRODUCT_DEFINITION_CONTEXT('part definition',#4431,'design');
#4434=PRODUCT_CONTEXT('',#4431,'mechanical');
#4435=PRODUCT('C-BAT-HLD-003-SMT','C-BAT-HLD-003-SMT','NOT SPECIFIED',(#4434));
#4436=PRODUCT_DEFINITION_FORMATION('3','LAST_VERSION',#4435);
#4444=DERIVED_UNIT_ELEMENT(#4443,2.E0);
#4445=DERIVED_UNIT((#4444));
#4446=MEASURE_REPRESENTATION_ITEM('surface area measure',AREA_MEASURE(
9.299981070722E2),#4445);
#4451=DERIVED_UNIT_ELEMENT(#4450,3.E0);
#4452=DERIVED_UNIT((#4451));
#4453=MEASURE_REPRESENTATION_ITEM('volume measure',VOLUME_MEASURE(
1.089321234417E2),#4452);
#4457=CARTESIAN_POINT('centre point',(-4.126649861889E-6,8.990685014492E-1,
-5.301075652987E0));
#4462=DERIVED_UNIT_ELEMENT(#4461,2.E0);
#4463=DERIVED_UNIT((#4462));
#4464=MEASURE_REPRESENTATION_ITEM('surface area measure',AREA_MEASURE(
9.299981070722E2),#4463);
#4469=DERIVED_UNIT_ELEMENT(#4468,3.E0);
#4470=DERIVED_UNIT((#4469));
#4471=MEASURE_REPRESENTATION_ITEM('volume measure',VOLUME_MEASURE(
1.089321234417E2),#4470);
#4475=CARTESIAN_POINT('centre point',(-4.126649861889E-6,8.990685014492E-1,
-5.301075652987E0));
#4480=PRODUCT_RELATED_PRODUCT_CATEGORY('part','',(#4435));
#1=DRAUGHTING_PRE_DEFINED_COLOUR('green');
#2=COLOUR_RGB('',1.1E-2,1.2E-2,1.E0);
#3=COLOUR_RGB('',4.1E-1,2.61589E-1,1.12848E-1);
#4=COLOUR_RGB('',5.04854E-1,1.5455E-2,1.5455E-2);
#5=COLOUR_RGB('',6.35294E-1,6.86275E-1,7.4902E-1);
#6=COLOUR_RGB('',6.40777E-1,6.40777E-1,6.40777E-1);
#7=COLOUR_RGB('',6.69062E-1,6.69903E-1,6.55217E-1);
#8=COLOUR_RGB('',9.21569E-1,7.05882E-1,4.70588E-1);
#9=DRAUGHTING_PRE_DEFINED_COLOUR('red');
#10=DRAUGHTING_PRE_DEFINED_COLOUR('yellow');
#11=COLOUR_RGB('',1.E0,1.E0,5.3E-1);
#12=COLOUR_RGB('',1.E0,1.E0,9.49E-1);
#13=DRAUGHTING_PRE_DEFINED_COLOUR('white');
#26=CIRCLE('',#25,3.E-1);
#35=CIRCLE('',#34,5.5E-1);
#52=CIRCLE('',#51,6.E-1);
#57=CIRCLE('',#56,6.E-1);
#66=CIRCLE('',#65,5.E-2);
#71=CIRCLE('',#70,3.002073380434E0);
#76=CIRCLE('',#75,3.002073380434E0);
#81=CIRCLE('',#80,7.5E0);
#86=CIRCLE('',#85,7.5E0);
#91=CIRCLE('',#90,3.002073380434E0);
#96=CIRCLE('',#95,3.002073380434E0);
#105=CIRCLE('',#104,5.E-2);
#110=CIRCLE('',#109,1.25E-2);
#119=CIRCLE('',#118,3.1E0);
#124=CIRCLE('',#123,3.1E0);
#133=CIRCLE('',#132,1.25E-2);
#138=CIRCLE('',#137,1.25E-2);
#143=CIRCLE('',#142,3.1E0);
#148=CIRCLE('',#147,3.1E0);
#153=CIRCLE('',#152,1.25E-2);
#162=CIRCLE('',#161,5.E-2);
#171=CIRCLE('',#170,3.002073380434E0);
#176=CIRCLE('',#175,3.002073380434E0);
#181=CIRCLE('',#180,7.5E0);
#186=CIRCLE('',#185,7.5E0);
#191=CIRCLE('',#190,3.002073380434E0);
#196=CIRCLE('',#195,3.002073380434E0);
#209=CIRCLE('',#208,5.E-2);
#222=CIRCLE('',#221,6.E-1);
#227=CIRCLE('',#226,6.E-1);
#256=CIRCLE('',#255,3.1E0);
#261=CIRCLE('',#260,1.25E-2);
#266=CIRCLE('',#265,1.25E-2);
#271=CIRCLE('',#270,3.1E0);
#276=CIRCLE('',#275,3.1E0);
#285=CIRCLE('',#284,1.25E-2);
#290=CIRCLE('',#289,1.25E-2);
#299=CIRCLE('',#298,3.1E0);
#316=CIRCLE('',#315,3.E-1);
#325=CIRCLE('',#324,5.5E-1);
#338=CIRCLE('',#337,5.5E-1);
#347=CIRCLE('',#346,3.E-1);
#416=CIRCLE('',#415,3.E-1);
#421=CIRCLE('',#420,5.5E-1);
#434=CIRCLE('',#433,3.E-1);
#443=CIRCLE('',#442,5.5E-1);
#476=B_SPLINE_CURVE_WITH_KNOTS('',3,(#468,#469,#470,#471,#472,#473,#474,#475),
.UNSPECIFIED.,.F.,.F.,(4,1,1,1,1,4),(0.E0,2.E-1,4.E-1,6.E-1,8.E-1,1.E0),
.UNSPECIFIED.);
#511=B_SPLINE_CURVE_WITH_KNOTS('',3,(#505,#506,#507,#508,#509,#510),
.UNSPECIFIED.,.F.,.F.,(4,1,1,4),(0.E0,3.333333333333E-1,6.666666666667E-1,1.E0),
.UNSPECIFIED.);
#520=CIRCLE('',#519,5.5E-1);
#525=CIRCLE('',#524,3.E-1);
#542=CIRCLE('',#541,5.5E-1);
#551=CIRCLE('',#550,3.E-1);
#564=B_SPLINE_CURVE_WITH_KNOTS('',3,(#556,#557,#558,#559,#560,#561,#562,#563),
.UNSPECIFIED.,.F.,.F.,(4,1,1,1,1,4),(0.E0,2.E-1,4.E-1,6.E-1,8.E-1,1.E0),
.UNSPECIFIED.);
#575=B_SPLINE_CURVE_WITH_KNOTS('',3,(#569,#570,#571,#572,#573,#574),
.UNSPECIFIED.,.F.,.F.,(4,1,1,4),(0.E0,3.333333333333E-1,6.666666666667E-1,1.E0),
.UNSPECIFIED.);
#596=CIRCLE('',#595,3.E-1);
#601=CIRCLE('',#600,5.E-2);
#606=CIRCLE('',#605,5.E-2);
#611=CIRCLE('',#610,3.E-1);
#628=CIRCLE('',#627,3.E-1);
#637=CIRCLE('',#636,3.E-1);
#646=CIRCLE('',#645,5.E-2);
#651=CIRCLE('',#650,5.E-2);
#696=CIRCLE('',#695,3.E-1);
#705=CIRCLE('',#704,5.5E-1);
#734=CIRCLE('',#733,1.2E0);
#739=CIRCLE('',#738,1.2E0);
#752=CIRCLE('',#751,3.E-1);
#761=CIRCLE('',#760,5.5E-1);
#774=CIRCLE('',#773,1.2E0);
#779=CIRCLE('',#778,1.2E0);
#860=CIRCLE('',#859,3.E-1);
#873=CIRCLE('',#872,5.E-2);
#886=CIRCLE('',#885,5.E-2);
#899=CIRCLE('',#898,3.E-1);
#912=CIRCLE('',#911,5.E-2);
#925=CIRCLE('',#924,5.E-2);
#934=CIRCLE('',#933,3.E-1);
#943=CIRCLE('',#942,3.E-1);
#972=CIRCLE('',#971,5.5E-1);
#977=CIRCLE('',#976,3.E-1);
#998=CIRCLE('',#997,1.2E0);
#1003=CIRCLE('',#1002,1.2E0);
#1020=CIRCLE('',#1019,3.E-1);
#1029=CIRCLE('',#1028,5.5E-1);
#1074=CIRCLE('',#1073,1.2E0);
#1079=CIRCLE('',#1078,1.2E0);
#1262=B_SPLINE_CURVE_WITH_KNOTS('',3,(#1256,#1257,#1258,#1259,#1260,#1261),
.UNSPECIFIED.,.F.,.F.,(4,1,1,4),(0.E0,3.333333333333E-1,6.666666666667E-1,1.E0),
.UNSPECIFIED.);
#1273=B_SPLINE_CURVE_WITH_KNOTS('',3,(#1267,#1268,#1269,#1270,#1271,#1272),
.UNSPECIFIED.,.F.,.F.,(4,1,1,4),(0.E0,3.333333333333E-1,6.666666666667E-1,1.E0),
.UNSPECIFIED.);
#1296=B_SPLINE_CURVE_WITH_KNOTS('',3,(#1290,#1291,#1292,#1293,#1294,#1295),
.UNSPECIFIED.,.F.,.F.,(4,1,1,4),(0.E0,3.333333333333E-1,6.666666666667E-1,1.E0),
.UNSPECIFIED.);
#1307=B_SPLINE_CURVE_WITH_KNOTS('',3,(#1301,#1302,#1303,#1304,#1305,#1306),
.UNSPECIFIED.,.F.,.F.,(4,1,1,4),(0.E0,3.333333333333E-1,6.666666666667E-1,1.E0),
.UNSPECIFIED.);
#1316=CIRCLE('',#1315,3.E-1);
#1321=CIRCLE('',#1320,5.5E-1);
#1366=CIRCLE('',#1365,5.5E-1);
#1371=CIRCLE('',#1370,3.E-1);
#1384=CIRCLE('',#1383,1.59E0);
#1389=CIRCLE('',#1388,1.59E0);
#1414=CIRCLE('',#1413,1.59E0);
#1419=CIRCLE('',#1418,1.59E0);
#1432=CIRCLE('',#1431,5.5E-1);
#1437=CIRCLE('',#1436,3.E-1);
#1450=CIRCLE('',#1449,5.5E-1);
#1455=CIRCLE('',#1454,3.E-1);
#1482=B_SPLINE_CURVE_WITH_KNOTS('',3,(#1476,#1477,#1478,#1479,#1480,#1481),
.UNSPECIFIED.,.F.,.F.,(4,1,1,4),(0.E0,3.333333333333E-1,6.666666666667E-1,1.E0),
.UNSPECIFIED.);
#1489=B_SPLINE_CURVE_WITH_KNOTS('',3,(#1483,#1484,#1485,#1486,#1487,#1488),
.UNSPECIFIED.,.F.,.F.,(4,1,1,4),(0.E0,3.333333333333E-1,6.666666666667E-1,1.E0),
.UNSPECIFIED.);
#1498=CIRCLE('',#1497,5.5E-1);
#1507=CIRCLE('',#1506,3.E-1);
#1540=CIRCLE('',#1539,3.E-1);
#1549=CIRCLE('',#1548,5.5E-1);
#1558=CIRCLE('',#1557,1.59E0);
#1567=CIRCLE('',#1566,1.59E0);
#1588=CIRCLE('',#1587,1.59E0);
#1593=CIRCLE('',#1592,1.59E0);
#1610=CIRCLE('',#1609,3.E-1);
#1619=CIRCLE('',#1618,5.5E-1);
#1642=B_SPLINE_CURVE_WITH_KNOTS('',3,(#1636,#1637,#1638,#1639,#1640,#1641),
.UNSPECIFIED.,.F.,.F.,(4,1,1,4),(0.E0,3.333333333333E-1,6.666666666667E-1,1.E0),
.UNSPECIFIED.);
#1653=B_SPLINE_CURVE_WITH_KNOTS('',3,(#1647,#1648,#1649,#1650,#1651,#1652),
.UNSPECIFIED.,.F.,.F.,(4,1,1,4),(0.E0,3.333333333333E-1,6.666666666667E-1,1.E0),
.UNSPECIFIED.);
#2110=EDGE_CURVE('',#2082,#1961,#35,.T.);
#2112=EDGE_CURVE('',#1779,#1961,#17,.T.);
#2114=EDGE_CURVE('',#1779,#1963,#1498,.T.);
#2116=EDGE_CURVE('',#1963,#1939,#1489,.T.);
#2118=EDGE_CURVE('',#1802,#1939,#21,.T.);
#2120=EDGE_CURVE('',#1802,#2082,#1653,.T.);
#2124=ADVANCED_FACE('',(#2123),#2109,.T.);
#2130=EDGE_CURVE('',#1837,#1917,#26,.T.);
#2132=EDGE_CURVE('',#1961,#1837,#30,.T.);
#2135=EDGE_CURVE('',#2082,#1917,#1646,.T.);
#2139=ADVANCED_FACE('',(#2138),#2129,.T.);
#2145=EDGE_CURVE('',#1746,#1886,#39,.T.);
#2147=EDGE_CURVE('',#1746,#1747,#1482,.T.);
#2149=EDGE_CURVE('',#1747,#1935,#1507,.T.);
#2151=EDGE_CURVE('',#1837,#1935,#43,.T.);
#2154=EDGE_CURVE('',#1917,#1886,#1642,.T.);
#2158=ADVANCED_FACE('',(#2157),#2144,.F.);
#2164=EDGE_CURVE('',#2030,#1809,#47,.T.);
#2166=EDGE_CURVE('',#2009,#2030,#52,.T.);
#2168=EDGE_CURVE('',#2009,#1982,#480,.T.);
#2170=EDGE_CURVE('',#2076,#1982,#57,.T.);
#2172=EDGE_CURVE('',#1903,#2076,#61,.T.);
#2174=EDGE_CURVE('',#1903,#1904,#451,.T.);
#2176=EDGE_CURVE('',#1904,#2092,#425,.T.);
#2178=EDGE_CURVE('',#2005,#2092,#66,.T.);
#2180=EDGE_CURVE('',#2005,#1852,#403,.T.);
#2182=EDGE_CURVE('',#1852,#1733,#399,.T.);
#2184=EDGE_CURVE('',#1732,#1733,#71,.T.);
#2186=EDGE_CURVE('',#1969,#1732,#76,.T.);
#2188=EDGE_CURVE('',#1967,#1969,#81,.T.);
#2190=EDGE_CURVE('',#1721,#1967,#86,.T.);
#2192=EDGE_CURVE('',#1720,#1721,#91,.T.);
#2194=EDGE_CURVE('',#2018,#1720,#96,.T.);
#2196=EDGE_CURVE('',#2017,#2018,#100,.T.);
#2198=EDGE_CURVE('',#2017,#1953,#359,.T.);
#2200=EDGE_CURVE('',#1702,#1953,#105,.T.);
#2202=EDGE_CURVE('',#1702,#1771,#333,.T.);
#2204=EDGE_CURVE('',#1771,#1809,#307,.T.);
#2208=EDGE_CURVE('',#1816,#1846,#1255,.T.);
#2210=EDGE_CURVE('',#1736,#1846,#110,.T.);
#2212=EDGE_CURVE('',#1878,#1736,#114,.T.);
#2214=EDGE_CURVE('',#1894,#1878,#119,.T.);
#2216=EDGE_CURVE('',#1896,#1894,#124,.T.);
#2218=EDGE_CURVE('',#1817,#1896,#128,.T.);
#2220=EDGE_CURVE('',#1816,#1817,#133,.T.);
#2225=EDGE_CURVE('',#1885,#1886,#138,.T.);
#2227=EDGE_CURVE('',#1885,#1699,#1627,.T.);
#2229=EDGE_CURVE('',#1697,#1699,#143,.T.);
#2231=EDGE_CURVE('',#1696,#1697,#148,.T.);
#2233=EDGE_CURVE('',#1696,#1921,#1467,.T.);
#2235=EDGE_CURVE('',#1746,#1921,#153,.T.);
#2239=ADVANCED_FACE('',(#2207,#2223,#2238),#2163,.F.);
#2245=EDGE_CURVE('',#2014,#1806,#231,.T.);
#2247=EDGE_CURVE('',#1806,#2030,#568,.T.);
#2250=EDGE_CURVE('',#1809,#2014,#303,.T.);
#2254=ADVANCED_FACE('',(#2253),#2244,.F.);
#2260=EDGE_CURVE('',#1861,#2014,#157,.T.);
#2262=EDGE_CURVE('',#1861,#1703,#847,.T.);
#2264=EDGE_CURVE('',#1751,#1703,#162,.T.);
#2266=EDGE_CURVE('',#1716,#1751,#166,.T.);
#2268=EDGE_CURVE('',#1716,#1717,#367,.T.);
#2270=EDGE_CURVE('',#2054,#1717,#171,.T.);
#2272=EDGE_CURVE('',#1775,#2054,#176,.T.);
#2274=EDGE_CURVE('',#1774,#1775,#181,.T.);
#2276=EDGE_CURVE('',#1777,#1774,#186,.T.);
#2278=EDGE_CURVE('',#1933,#1777,#191,.T.);
#2280=EDGE_CURVE('',#1789,#1933,#196,.T.);
#2282=EDGE_CURVE('',#1851,#1789,#200,.T.);
#2284=EDGE_CURVE('',#2006,#1851,#204,.T.);
#2286=EDGE_CURVE('',#2068,#2006,#209,.T.);
#2288=EDGE_CURVE('',#2068,#1914,#587,.T.);
#2290=EDGE_CURVE('',#1913,#1914,#213,.T.);
#2292=EDGE_CURVE('',#1858,#1913,#217,.T.);
#2294=EDGE_CURVE('',#1857,#1858,#222,.T.);
#2296=EDGE_CURVE('',#1857,#1807,#504,.T.);
#2298=EDGE_CURVE('',#1806,#1807,#227,.T.);
#2303=EDGE_CURVE('',#1843,#1661,#1107,.T.);
#2305=EDGE_CURVE('',#1660,#1661,#235,.T.);
#2307=EDGE_CURVE('',#1729,#1660,#239,.T.);
#2309=EDGE_CURVE('',#1728,#1729,#243,.T.);
#2311=EDGE_CURVE('',#1759,#1728,#247,.T.);
#2313=EDGE_CURVE('',#1758,#1759,#251,.T.);
#2315=EDGE_CURVE('',#1758,#1927,#1159,.T.);
#2317=EDGE_CURVE('',#1927,#2035,#1147,.T.);
#2319=EDGE_CURVE('',#2035,#1744,#1139,.T.);
#2321=EDGE_CURVE('',#1744,#1745,#1131,.T.);
#2323=EDGE_CURVE('',#1745,#2000,#1123,.T.);
#2325=EDGE_CURVE('',#2000,#1843,#1115,.T.);
#2329=EDGE_CURVE('',#1877,#1992,#256,.T.);
#2331=EDGE_CURVE('',#1877,#1737,#1239,.T.);
#2333=EDGE_CURVE('',#2061,#1737,#261,.T.);
#2335=EDGE_CURVE('',#2061,#2062,#1300,.T.);
#2337=EDGE_CURVE('',#2050,#2062,#266,.T.);
#2339=EDGE_CURVE('',#2050,#1994,#1289,.T.);
#2341=EDGE_CURVE('',#1992,#1994,#271,.T.);
#2345=EDGE_CURVE('',#1910,#1907,#276,.T.);
#2347=EDGE_CURVE('',#1803,#1910,#280,.T.);
#2349=EDGE_CURVE('',#1802,#1803,#285,.T.);
#2352=EDGE_CURVE('',#2084,#1939,#290,.T.);
#2354=EDGE_CURVE('',#1908,#2084,#294,.T.);
#2356=EDGE_CURVE('',#1907,#1908,#299,.T.);
#2360=ADVANCED_FACE('',(#2302,#2328,#2344,#2359),#2259,.T.);
#2368=EDGE_CURVE('',#1861,#1771,#311,.T.);
#2373=ADVANCED_FACE('',(#2372),#2365,.F.);
#2379=EDGE_CURVE('',#1770,#1771,#316,.T.);
#2381=EDGE_CURVE('',#1945,#1770,#320,.T.);
#2383=EDGE_CURVE('',#1945,#1657,#1061,.T.);
#2385=EDGE_CURVE('',#1657,#1862,#855,.T.);
#2387=EDGE_CURVE('',#1861,#1862,#325,.T.);
#2392=ADVANCED_FACE('',(#2391),#2378,.T.);
#2398=EDGE_CURVE('',#1702,#1899,#347,.T.);
#2400=EDGE_CURVE('',#1770,#1899,#329,.T.);
#2406=ADVANCED_FACE('',(#2405),#2397,.F.);
#2412=EDGE_CURVE('',#1702,#1703,#351,.T.);
#2414=EDGE_CURVE('',#1900,#1703,#338,.T.);
#2416=EDGE_CURVE('',#1899,#1900,#342,.T.);
#2421=ADVANCED_FACE('',(#2420),#2411,.T.);
#2429=EDGE_CURVE('',#1751,#1953,#355,.T.);
#2434=ADVANCED_FACE('',(#2433),#2426,.F.);
#2442=EDGE_CURVE('',#1716,#2017,#363,.T.);
#2447=ADVANCED_FACE('',(#2446),#2439,.F.);
#2455=EDGE_CURVE('',#2018,#1717,#375,.T.);
#2460=ADVANCED_FACE('',(#2459),#2452,.T.);
#2466=EDGE_CURVE('',#2054,#1720,#371,.T.);
#2473=ADVANCED_FACE('',(#2472),#2465,.T.);
#2480=EDGE_CURVE('',#1775,#1721,#379,.T.);
#2486=ADVANCED_FACE('',(#2485),#2478,.T.);
#2496=EDGE_CURVE('',#1777,#1969,#383,.T.);
#2501=ADVANCED_FACE('',(#2500),#2491,.F.);
#2507=EDGE_CURVE('',#1933,#1732,#387,.T.);
#2514=ADVANCED_FACE('',(#2513),#2506,.T.);
#2521=EDGE_CURVE('',#1789,#1733,#391,.T.);
#2527=ADVANCED_FACE('',(#2526),#2519,.T.);
#2533=EDGE_CURVE('',#1851,#1852,#395,.T.);
#2540=ADVANCED_FACE('',(#2539),#2532,.T.);
#2548=EDGE_CURVE('',#2005,#2006,#407,.T.);
#2553=ADVANCED_FACE('',(#2552),#2545,.F.);
#2561=EDGE_CURVE('',#2068,#2092,#411,.T.);
#2566=ADVANCED_FACE('',(#2565),#2558,.F.);
#2572=EDGE_CURVE('',#1882,#2092,#416,.T.);
#2574=EDGE_CURVE('',#1882,#1799,#619,.T.);
#2576=EDGE_CURVE('',#2068,#1799,#421,.T.);
#2581=ADVANCED_FACE('',(#2580),#2571,.T.);
#2589=EDGE_CURVE('',#1904,#1755,#434,.T.);
#2591=EDGE_CURVE('',#1882,#1755,#429,.T.);
#2595=ADVANCED_FACE('',(#2594),#2586,.F.);
#2602=EDGE_CURVE('',#1914,#1904,#438,.T.);
#2604=EDGE_CURVE('',#2042,#1914,#443,.T.);
#2606=EDGE_CURVE('',#2002,#2042,#447,.T.);
#2608=EDGE_CURVE('',#2002,#1754,#839,.T.);
#2610=EDGE_CURVE('',#1754,#1755,#632,.T.);
#2614=ADVANCED_FACE('',(#2613),#2600,.T.);
#2622=EDGE_CURVE('',#1913,#1903,#455,.T.);
#2627=ADVANCED_FACE('',(#2626),#2619,.F.);
#2634=EDGE_CURVE('',#2076,#1858,#463,.T.);
#2640=ADVANCED_FACE('',(#2639),#2632,.F.);
#2646=EDGE_CURVE('',#1982,#1983,#476,.T.);
#2648=EDGE_CURVE('',#1988,#1983,#459,.T.);
#2650=EDGE_CURVE('',#1988,#1857,#511,.T.);
#2657=ADVANCED_FACE('',(#2656),#2645,.F.);
#2663=EDGE_CURVE('',#2078,#1996,#467,.T.);
#2665=EDGE_CURVE('',#2078,#1983,#525,.T.);
#2669=EDGE_CURVE('',#2009,#2010,#564,.T.);
#2671=EDGE_CURVE('',#2010,#1996,#551,.T.);
#2675=ADVANCED_FACE('',(#2674),#2662,.F.);
#2681=EDGE_CURVE('',#2072,#1681,#488,.T.);
#2683=EDGE_CURVE('',#1681,#2078,#533,.T.);
#2686=EDGE_CURVE('',#2072,#1996,#484,.T.);
#2690=ADVANCED_FACE('',(#2689),#2680,.F.);
#2696=EDGE_CURVE('',#2024,#1680,#500,.T.);
#2698=EDGE_CURVE('',#1680,#1681,#537,.T.);
#2701=EDGE_CURVE('',#2024,#2072,#492,.T.);
#2705=ADVANCED_FACE('',(#2704),#2695,.F.);
#2711=EDGE_CURVE('',#1956,#1937,#515,.T.);
#2713=EDGE_CURVE('',#1680,#1937,#496,.T.);
#2716=EDGE_CURVE('',#2024,#1956,#555,.T.);
#2720=ADVANCED_FACE('',(#2719),#2710,.T.);
#2728=EDGE_CURVE('',#1988,#1937,#520,.T.);
#2731=EDGE_CURVE('',#1956,#1957,#542,.T.);
#2733=EDGE_CURVE('',#1957,#1807,#575,.T.);
#2737=ADVANCED_FACE('',(#2736),#2725,.T.);
#2746=EDGE_CURVE('',#2078,#1937,#529,.T.);
#2750=ADVANCED_FACE('',(#2749),#2742,.T.);
#2762=ADVANCED_FACE('',(#2761),#2755,.F.);
#2769=EDGE_CURVE('',#1996,#1956,#546,.T.);
#2772=EDGE_CURVE('',#2010,#1957,#579,.T.);
#2776=ADVANCED_FACE('',(#2775),#2767,.T.);
#2788=ADVANCED_FACE('',(#2787),#2781,.F.);
#2802=ADVANCED_FACE('',(#2801),#2793,.F.);
#2809=EDGE_CURVE('',#2042,#1799,#583,.T.);
#2815=ADVANCED_FACE('',(#2814),#2807,.T.);
#2821=EDGE_CURVE('',#1798,#1799,#591,.T.);
#2823=EDGE_CURVE('',#1819,#1798,#596,.T.);
#2825=EDGE_CURVE('',#1819,#1668,#655,.T.);
#2827=EDGE_CURVE('',#1668,#1669,#675,.T.);
#2829=EDGE_CURVE('',#1869,#1669,#601,.T.);
#2831=EDGE_CURVE('',#1869,#1891,#687,.T.);
#2833=EDGE_CURVE('',#1891,#1892,#765,.T.);
#2835=EDGE_CURVE('',#1892,#1888,#811,.T.);
#2837=EDGE_CURVE('',#1916,#1888,#606,.T.);
#2839=EDGE_CURVE('',#1916,#1977,#831,.T.);
#2841=EDGE_CURVE('',#1977,#1821,#835,.T.);
#2843=EDGE_CURVE('',#2002,#1821,#611,.T.);
#2849=ADVANCED_FACE('',(#2848),#2820,.F.);
#2855=EDGE_CURVE('',#1881,#1882,#615,.T.);
#2857=EDGE_CURVE('',#1881,#1798,#667,.T.);
#2863=ADVANCED_FACE('',(#2862),#2854,.T.);
#2869=EDGE_CURVE('',#1979,#1951,#623,.T.);
#2871=EDGE_CURVE('',#1881,#1979,#628,.T.);
#2876=EDGE_CURVE('',#1665,#1754,#637,.T.);
#2878=EDGE_CURVE('',#1664,#1665,#641,.T.);
#2880=EDGE_CURVE('',#1664,#2046,#823,.T.);
#2882=EDGE_CURVE('',#1782,#2046,#646,.T.);
#2884=EDGE_CURVE('',#1782,#1783,#807,.T.);
#2886=EDGE_CURVE('',#1783,#2080,#743,.T.);
#2888=EDGE_CURVE('',#2080,#1870,#691,.T.);
#2890=EDGE_CURVE('',#1947,#1870,#651,.T.);
#2892=EDGE_CURVE('',#1947,#1951,#671,.T.);
#2896=ADVANCED_FACE('',(#2895),#2868,.T.);
#2903=EDGE_CURVE('',#1819,#1979,#663,.T.);
#2906=EDGE_CURVE('',#1668,#1951,#659,.T.);
#2910=ADVANCED_FACE('',(#2909),#2901,.T.);
#2922=ADVANCED_FACE('',(#2921),#2915,.T.);
#2929=EDGE_CURVE('',#1947,#1669,#683,.T.);
#2935=ADVANCED_FACE('',(#2934),#2927,.F.);
#2942=EDGE_CURVE('',#1869,#1870,#679,.T.);
#2948=ADVANCED_FACE('',(#2947),#2940,.F.);
#2954=EDGE_CURVE('',#2080,#1891,#700,.T.);
#2961=ADVANCED_FACE('',(#2960),#2953,.F.);
#2967=EDGE_CURVE('',#2020,#1987,#709,.T.);
#2969=EDGE_CURVE('',#1891,#1987,#696,.T.);
#2972=EDGE_CURVE('',#2020,#2080,#705,.T.);
#2976=ADVANCED_FACE('',(#2975),#2966,.T.);
#2983=EDGE_CURVE('',#2020,#2022,#729,.T.);
#2985=EDGE_CURVE('',#1865,#2022,#713,.T.);
#2987=EDGE_CURVE('',#1987,#1865,#717,.T.);
#2991=ADVANCED_FACE('',(#2990),#2981,.F.);
#2997=EDGE_CURVE('',#2020,#1766,#747,.T.);
#2999=EDGE_CURVE('',#1827,#1766,#721,.T.);
#3001=EDGE_CURVE('',#2022,#1827,#725,.T.);
#3006=EDGE_CURVE('',#2058,#2057,#734,.T.);
#3008=EDGE_CURVE('',#2057,#2058,#739,.T.);
#3012=ADVANCED_FACE('',(#3005,#3011),#2996,.F.);
#3019=EDGE_CURVE('',#1783,#1766,#761,.T.);
#3025=ADVANCED_FACE('',(#3024),#3017,.T.);
#3031=EDGE_CURVE('',#1767,#1892,#752,.T.);
#3033=EDGE_CURVE('',#1766,#1767,#756,.T.);
#3036=EDGE_CURVE('',#1783,#1892,#803,.T.);
#3040=ADVANCED_FACE('',(#3039),#3030,.F.);
#3048=EDGE_CURVE('',#1767,#1987,#769,.T.);
#3053=ADVANCED_FACE('',(#3052),#3045,.F.);
#3059=EDGE_CURVE('',#1866,#1767,#783,.T.);
#3063=EDGE_CURVE('',#1865,#1866,#787,.T.);
#3067=EDGE_CURVE('',#2096,#2090,#774,.T.);
#3069=EDGE_CURVE('',#2090,#2096,#779,.T.);
#3073=ADVANCED_FACE('',(#3066,#3072),#3058,.T.);
#3081=EDGE_CURVE('',#1866,#1827,#791,.T.);
#3086=ADVANCED_FACE('',(#3085),#3078,.F.);
#3098=ADVANCED_FACE('',(#3097),#3091,.F.);
#3105=EDGE_CURVE('',#2096,#2057,#795,.T.);
#3108=EDGE_CURVE('',#2090,#2058,#799,.T.);
#3112=ADVANCED_FACE('',(#3111),#3103,.F.);
#3124=ADVANCED_FACE('',(#3123),#3117,.F.);
#3132=EDGE_CURVE('',#1782,#1888,#819,.T.);
#3137=ADVANCED_FACE('',(#3136),#3129,.F.);
#3144=EDGE_CURVE('',#1916,#2046,#815,.T.);
#3150=ADVANCED_FACE('',(#3149),#3142,.F.);
#3157=EDGE_CURVE('',#1977,#1664,#827,.T.);
#3163=ADVANCED_FACE('',(#3162),#3155,.F.);
#3170=EDGE_CURVE('',#1665,#1821,#843,.T.);
#3176=ADVANCED_FACE('',(#3175),#3168,.T.);
#3188=ADVANCED_FACE('',(#3187),#3181,.T.);
#3197=EDGE_CURVE('',#1900,#1862,#851,.T.);
#3201=ADVANCED_FACE('',(#3200),#3193,.T.);
#3207=EDGE_CURVE('',#1924,#1900,#903,.T.);
#3211=EDGE_CURVE('',#1656,#1657,#860,.T.);
#3213=EDGE_CURVE('',#2064,#1656,#864,.T.);
#3215=EDGE_CURVE('',#2086,#2064,#868,.T.);
#3217=EDGE_CURVE('',#2104,#2086,#873,.T.);
#3219=EDGE_CURVE('',#2070,#2104,#877,.T.);
#3221=EDGE_CURVE('',#2070,#1990,#1033,.T.);
#3223=EDGE_CURVE('',#2088,#1990,#881,.T.);
#3225=EDGE_CURVE('',#1973,#2088,#886,.T.);
#3227=EDGE_CURVE('',#1972,#1973,#890,.T.);
#3229=EDGE_CURVE('',#1959,#1972,#894,.T.);
#3231=EDGE_CURVE('',#1924,#1959,#899,.T.);
#3235=ADVANCED_FACE('',(#3234),#3206,.F.);
#3241=EDGE_CURVE('',#1925,#1899,#938,.T.);
#3245=EDGE_CURVE('',#1924,#1925,#1099,.T.);
#3249=ADVANCED_FACE('',(#3248),#3240,.T.);
#3255=EDGE_CURVE('',#2038,#2074,#947,.T.);
#3257=EDGE_CURVE('',#1673,#2074,#907,.T.);
#3259=EDGE_CURVE('',#1672,#1673,#912,.T.);
#3261=EDGE_CURVE('',#2032,#1672,#916,.T.);
#3263=EDGE_CURVE('',#2032,#1791,#1065,.T.);
#3265=EDGE_CURVE('',#2094,#1791,#920,.T.);
#3267=EDGE_CURVE('',#1831,#2094,#925,.T.);
#3269=EDGE_CURVE('',#1830,#1831,#929,.T.);
#3271=EDGE_CURVE('',#1830,#1749,#1049,.T.);
#3273=EDGE_CURVE('',#1945,#1749,#934,.T.);
#3278=EDGE_CURVE('',#2038,#1925,#943,.T.);
#3282=ADVANCED_FACE('',(#3281),#3254,.T.);
#3289=EDGE_CURVE('',#1972,#2074,#951,.T.);
#3292=EDGE_CURVE('',#2038,#1959,#1103,.T.);
#3296=ADVANCED_FACE('',(#3295),#3287,.T.);
#3305=EDGE_CURVE('',#1973,#1673,#955,.T.);
#3309=ADVANCED_FACE('',(#3308),#3301,.F.);
#3318=EDGE_CURVE('',#1672,#2088,#959,.T.);
#3322=ADVANCED_FACE('',(#3321),#3314,.F.);
#3328=EDGE_CURVE('',#2032,#1990,#963,.T.);
#3335=ADVANCED_FACE('',(#3334),#3327,.F.);
#3341=EDGE_CURVE('',#1985,#1854,#967,.T.);
#3343=EDGE_CURVE('',#2032,#1985,#972,.T.);
#3346=EDGE_CURVE('',#1854,#1990,#977,.T.);
#3350=ADVANCED_FACE('',(#3349),#3340,.T.);
#3357=EDGE_CURVE('',#1854,#1949,#993,.T.);
#3359=EDGE_CURVE('',#1949,#2066,#1087,.T.);
#3361=EDGE_CURVE('',#1985,#2066,#981,.T.);
#3365=ADVANCED_FACE('',(#3364),#3355,.F.);
#3371=EDGE_CURVE('',#1710,#1711,#985,.T.);
#3373=EDGE_CURVE('',#1949,#1710,#989,.T.);
#3376=EDGE_CURVE('',#1854,#1711,#1037,.T.);
#3380=EDGE_CURVE('',#1874,#1688,#998,.T.);
#3382=EDGE_CURVE('',#1688,#1874,#1003,.T.);
#3386=ADVANCED_FACE('',(#3379,#3385),#3370,.T.);
#3392=EDGE_CURVE('',#1677,#1711,#1007,.T.);
#3394=EDGE_CURVE('',#1676,#1677,#1011,.T.);
#3396=EDGE_CURVE('',#1710,#1676,#1015,.T.);
#3401=ADVANCED_FACE('',(#3400),#3391,.F.);
#3407=EDGE_CURVE('',#2070,#1711,#1020,.T.);
#3409=EDGE_CURVE('',#1791,#2070,#1024,.T.);
#3411=EDGE_CURVE('',#1677,#1791,#1029,.T.);
#3416=ADVANCED_FACE('',(#3415),#3406,.F.);
#3428=ADVANCED_FACE('',(#3427),#3421,.F.);
#3436=EDGE_CURVE('',#2104,#2094,#1041,.T.);
#3441=ADVANCED_FACE('',(#3440),#3433,.F.);
#3450=EDGE_CURVE('',#1831,#2086,#1045,.T.);
#3454=ADVANCED_FACE('',(#3453),#3446,.F.);
#3463=EDGE_CURVE('',#2064,#1830,#1053,.T.);
#3467=ADVANCED_FACE('',(#3466),#3459,.F.);
#3476=EDGE_CURVE('',#1656,#1749,#1057,.T.);
#3480=ADVANCED_FACE('',(#3479),#3472,.T.);
#3492=ADVANCED_FACE('',(#3491),#3485,.T.);
#3500=EDGE_CURVE('',#1677,#1985,#1069,.T.);
#3505=ADVANCED_FACE('',(#3504),#3497,.T.);
#3513=EDGE_CURVE('',#2066,#1676,#1083,.T.);
#3518=EDGE_CURVE('',#1689,#1713,#1074,.T.);
#3520=EDGE_CURVE('',#1713,#1689,#1079,.T.);
#3524=ADVANCED_FACE('',(#3517,#3523),#3510,.F.);
#3536=ADVANCED_FACE('',(#3535),#3529,.F.);
#3542=EDGE_CURVE('',#1874,#1713,#1091,.T.);
#3545=EDGE_CURVE('',#1688,#1689,#1095,.T.);
#3550=ADVANCED_FACE('',(#3549),#3541,.F.);
#3562=ADVANCED_FACE('',(#3561),#3555,.F.);
#3574=ADVANCED_FACE('',(#3573),#3567,.T.);
#3581=EDGE_CURVE('',#1843,#2052,#1119,.T.);
#3583=EDGE_CURVE('',#2052,#2100,#1163,.T.);
#3585=EDGE_CURVE('',#1661,#2100,#1111,.T.);
#3589=ADVANCED_FACE('',(#3588),#3579,.F.);
#3596=EDGE_CURVE('',#2000,#2040,#1127,.T.);
#3598=EDGE_CURVE('',#2040,#2052,#1167,.T.);
#3603=ADVANCED_FACE('',(#3602),#3594,.F.);
#3610=EDGE_CURVE('',#1745,#1835,#1135,.T.);
#3612=EDGE_CURVE('',#1835,#2040,#1171,.T.);
#3617=ADVANCED_FACE('',(#3616),#3608,.F.);
#3624=EDGE_CURVE('',#1744,#1834,#1143,.T.);
#3626=EDGE_CURVE('',#1834,#1835,#1175,.T.);
#3631=ADVANCED_FACE('',(#3630),#3622,.F.);
#3638=EDGE_CURVE('',#2035,#2036,#1151,.T.);
#3640=EDGE_CURVE('',#2036,#1834,#1179,.T.);
#3645=ADVANCED_FACE('',(#3644),#3636,.F.);
#3652=EDGE_CURVE('',#1927,#1981,#1155,.T.);
#3654=EDGE_CURVE('',#1981,#2036,#1183,.T.);
#3659=ADVANCED_FACE('',(#3658),#3650,.F.);
#3665=EDGE_CURVE('',#1794,#1981,#1187,.T.);
#3669=EDGE_CURVE('',#1758,#1794,#1195,.T.);
#3673=ADVANCED_FACE('',(#3672),#3664,.F.);
#3686=EDGE_CURVE('',#1794,#1795,#1191,.T.);
#3688=EDGE_CURVE('',#1795,#2027,#1199,.T.);
#3690=EDGE_CURVE('',#2027,#2028,#1207,.T.);
#3692=EDGE_CURVE('',#2028,#2012,#1215,.T.);
#3694=EDGE_CURVE('',#2012,#2100,#1223,.T.);
#3698=ADVANCED_FACE('',(#3697),#3678,.T.);
#3705=EDGE_CURVE('',#1759,#1795,#1203,.T.);
#3711=ADVANCED_FACE('',(#3710),#3703,.F.);
#3718=EDGE_CURVE('',#1728,#2027,#1211,.T.);
#3724=ADVANCED_FACE('',(#3723),#3716,.F.);
#3731=EDGE_CURVE('',#1729,#2028,#1219,.T.);
#3737=ADVANCED_FACE('',(#3736),#3729,.F.);
#3744=EDGE_CURVE('',#1660,#2012,#1227,.T.);
#3750=ADVANCED_FACE('',(#3749),#3742,.F.);
#3762=ADVANCED_FACE('',(#3761),#3755,.F.);
#3768=EDGE_CURVE('',#1877,#1878,#1231,.T.);
#3772=EDGE_CURVE('',#1896,#1994,#1235,.T.);
#3778=ADVANCED_FACE('',(#3777),#3767,.F.);
#3785=EDGE_CURVE('',#1736,#1737,#1243,.T.);
#3791=ADVANCED_FACE('',(#3790),#3783,.F.);
#3799=EDGE_CURVE('',#1846,#2061,#1251,.T.);
#3804=ADVANCED_FACE('',(#3803),#3796,.F.);
#3810=EDGE_CURVE('',#1846,#1693,#1273,.T.);
#3812=EDGE_CURVE('',#1841,#1693,#1247,.T.);
#3814=EDGE_CURVE('',#1841,#2061,#1307,.T.);
#3819=ADVANCED_FACE('',(#3818),#3809,.F.);
#3826=EDGE_CURVE('',#1975,#1816,#1262,.T.);
#3828=EDGE_CURVE('',#1975,#1965,#1316,.T.);
#3830=EDGE_CURVE('',#1692,#1965,#1266,.T.);
#3832=EDGE_CURVE('',#1692,#1693,#1455,.T.);
#3837=ADVANCED_FACE('',(#3836),#3824,.F.);
#3844=EDGE_CURVE('',#2062,#1816,#1277,.T.);
#3846=EDGE_CURVE('',#2062,#1825,#1296,.T.);
#3848=EDGE_CURVE('',#1975,#1825,#1281,.T.);
#3852=ADVANCED_FACE('',(#3851),#3842,.F.);
#3860=EDGE_CURVE('',#2050,#1817,#1285,.T.);
#3865=ADVANCED_FACE('',(#3864),#3857,.F.);
#3877=ADVANCED_FACE('',(#3876),#3870,.F.);
#3883=EDGE_CURVE('',#1824,#1825,#1321,.T.);
#3888=EDGE_CURVE('',#1841,#2098,#1450,.T.);
#3890=EDGE_CURVE('',#1824,#2098,#1311,.T.);
#3894=ADVANCED_FACE('',(#3893),#3882,.T.);
#3903=EDGE_CURVE('',#1824,#1965,#1337,.T.);
#3907=ADVANCED_FACE('',(#3906),#3899,.T.);
#3913=EDGE_CURVE('',#1741,#1824,#1325,.T.);
#3915=EDGE_CURVE('',#1740,#1741,#1329,.T.);
#3917=EDGE_CURVE('',#1965,#1740,#1333,.T.);
#3922=ADVANCED_FACE('',(#3921),#3912,.F.);
#3930=EDGE_CURVE('',#2098,#1872,#1349,.T.);
#3932=EDGE_CURVE('',#1872,#1741,#1441,.T.);
#3936=ADVANCED_FACE('',(#3935),#3927,.T.);
#3942=EDGE_CURVE('',#1943,#1692,#1341,.T.);
#3944=EDGE_CURVE('',#1872,#1943,#1345,.T.);
#3947=EDGE_CURVE('',#1692,#2098,#1353,.T.);
#3951=ADVANCED_FACE('',(#3950),#3941,.T.);
#3958=EDGE_CURVE('',#1740,#1943,#1361,.T.);
#3964=ADVANCED_FACE('',(#3963),#3956,.F.);
#3970=EDGE_CURVE('',#1740,#1839,#1366,.T.);
#3972=EDGE_CURVE('',#2048,#1839,#1357,.T.);
#3974=EDGE_CURVE('',#2048,#1943,#1432,.T.);
#3979=ADVANCED_FACE('',(#3978),#3969,.T.);
#3985=EDGE_CURVE('',#1845,#1839,#1379,.T.);
#3989=EDGE_CURVE('',#1845,#1741,#1371,.T.);
#3993=ADVANCED_FACE('',(#3992),#3984,.T.);
#3999=EDGE_CURVE('',#1684,#1845,#1375,.T.);
#4001=EDGE_CURVE('',#1684,#1998,#1405,.T.);
#4003=EDGE_CURVE('',#1998,#1839,#1409,.T.);
#4008=ADVANCED_FACE('',(#4007),#3998,.T.);
#4014=EDGE_CURVE('',#1685,#1724,#1384,.T.);
#4016=EDGE_CURVE('',#1684,#1685,#1389,.T.);
#4019=EDGE_CURVE('',#1845,#1725,#1445,.T.);
#4021=EDGE_CURVE('',#1724,#1725,#1393,.T.);
#4025=ADVANCED_FACE('',(#4024),#4013,.T.);
#4031=EDGE_CURVE('',#1931,#1685,#1401,.T.);
#4034=EDGE_CURVE('',#1930,#1724,#1397,.T.);
#4036=EDGE_CURVE('',#1930,#1931,#1419,.T.);
#4040=ADVANCED_FACE('',(#4039),#4030,.T.);
#4048=EDGE_CURVE('',#1931,#1998,#1414,.T.);
#4053=ADVANCED_FACE('',(#4052),#4045,.T.);
#4062=EDGE_CURVE('',#1930,#2048,#1423,.T.);
#4067=ADVANCED_FACE('',(#4066),#4058,.F.);
#4076=EDGE_CURVE('',#2048,#1725,#1427,.T.);
#4080=ADVANCED_FACE('',(#4079),#4072,.T.);
#4089=EDGE_CURVE('',#1872,#1725,#1437,.T.);
#4093=ADVANCED_FACE('',(#4092),#4085,.T.);
#4105=ADVANCED_FACE('',(#4104),#4098,.F.);
#4117=ADVANCED_FACE('',(#4116),#4110,.T.);
#4123=EDGE_CURVE('',#1696,#1908,#1459,.T.);
#4127=EDGE_CURVE('',#1910,#1699,#1463,.T.);
#4133=ADVANCED_FACE('',(#4132),#4122,.F.);
#4142=EDGE_CURVE('',#2084,#1921,#1471,.T.);
#4146=ADVANCED_FACE('',(#4145),#4138,.F.);
#4154=EDGE_CURVE('',#1746,#1939,#1475,.T.);
#4159=ADVANCED_FACE('',(#4158),#4151,.F.);
#4168=EDGE_CURVE('',#1747,#1963,#1493,.T.);
#4172=ADVANCED_FACE('',(#4171),#4164,.F.);
#4179=EDGE_CURVE('',#1935,#1779,#1502,.T.);
#4185=ADVANCED_FACE('',(#4184),#4177,.T.);
#4191=EDGE_CURVE('',#1935,#1919,#1511,.T.);
#4194=EDGE_CURVE('',#1763,#1779,#1515,.T.);
#4196=EDGE_CURVE('',#1763,#1919,#1605,.T.);
#4200=ADVANCED_FACE('',(#4199),#4190,.T.);
#4206=EDGE_CURVE('',#1787,#1837,#1523,.T.);
#4210=EDGE_CURVE('',#1919,#1787,#1597,.T.);
#4214=ADVANCED_FACE('',(#4213),#4205,.F.);
#4220=EDGE_CURVE('',#1961,#2008,#1519,.T.);
#4224=EDGE_CURVE('',#1787,#2008,#1544,.T.);
#4228=ADVANCED_FACE('',(#4227),#4219,.F.);
#4235=EDGE_CURVE('',#2008,#1763,#1531,.T.);
#4241=ADVANCED_FACE('',(#4240),#4233,.T.);
#4247=EDGE_CURVE('',#2008,#1848,#1540,.T.);
#4249=EDGE_CURVE('',#1762,#1848,#1527,.T.);
#4251=EDGE_CURVE('',#1762,#1763,#1610,.T.);
#4256=ADVANCED_FACE('',(#4255),#4246,.F.);
#4262=EDGE_CURVE('',#1848,#1786,#1535,.T.);
#4266=EDGE_CURVE('',#1786,#1787,#1549,.T.);
#4270=ADVANCED_FACE('',(#4269),#4261,.T.);
#4276=EDGE_CURVE('',#1813,#1848,#1562,.T.);
#4279=EDGE_CURVE('',#1812,#1786,#1553,.T.);
#4281=EDGE_CURVE('',#1812,#1813,#1579,.T.);
#4285=ADVANCED_FACE('',(#4284),#4275,.T.);
#4291=EDGE_CURVE('',#1941,#1707,#1558,.T.);
#4293=EDGE_CURVE('',#1941,#1762,#1623,.T.);
#4297=EDGE_CURVE('',#1707,#1813,#1567,.T.);
#4301=ADVANCED_FACE('',(#4300),#4290,.T.);
#4307=EDGE_CURVE('',#1706,#1707,#1571,.T.);
#4309=EDGE_CURVE('',#1706,#2044,#1588,.T.);
#4311=EDGE_CURVE('',#1941,#2044,#1575,.T.);
#4316=ADVANCED_FACE('',(#4315),#4306,.T.);
#4324=EDGE_CURVE('',#1812,#1706,#1593,.T.);
#4329=ADVANCED_FACE('',(#4328),#4321,.T.);
#4336=EDGE_CURVE('',#1786,#2102,#1601,.T.);
#4338=EDGE_CURVE('',#2044,#2102,#1583,.T.);
#4344=ADVANCED_FACE('',(#4343),#4334,.F.);
#4352=EDGE_CURVE('',#1919,#2102,#1619,.T.);
#4357=ADVANCED_FACE('',(#4356),#4349,.T.);
#4365=EDGE_CURVE('',#2102,#1762,#1614,.T.);
#4370=ADVANCED_FACE('',(#4369),#4362,.T.);
#4382=ADVANCED_FACE('',(#4381),#4375,.T.);
#4391=EDGE_CURVE('',#1885,#1803,#1635,.T.);
#4395=ADVANCED_FACE('',(#4394),#4387,.F.);
#4401=EDGE_CURVE('',#1802,#1886,#1631,.T.);
#4408=ADVANCED_FACE('',(#4407),#4400,.F.);
#4420=ADVANCED_FACE('',(#4419),#4413,.F.);
#4421=CLOSED_SHELL('',(#2124,#2139,#2158,#2239,#2254,#2360,#2373,#2392,#2406,
#2421,#2434,#2447,#2460,#2473,#2486,#2501,#2514,#2527,#2540,#2553,#2566,#2581,
#2595,#2614,#2627,#2640,#2657,#2675,#2690,#2705,#2720,#2737,#2750,#2762,#2776,
#2788,#2802,#2815,#2849,#2863,#2896,#2910,#2922,#2935,#2948,#2961,#2976,#2991,
#3012,#3025,#3040,#3053,#3073,#3086,#3098,#3112,#3124,#3137,#3150,#3163,#3176,
#3188,#3201,#3235,#3249,#3282,#3296,#3309,#3322,#3335,#3350,#3365,#3386,#3401,
#3416,#3428,#3441,#3454,#3467,#3480,#3492,#3505,#3524,#3536,#3550,#3562,#3574,
#3589,#3603,#3617,#3631,#3645,#3659,#3673,#3698,#3711,#3724,#3737,#3750,#3762,
#3778,#3791,#3804,#3819,#3837,#3852,#3865,#3877,#3894,#3907,#3922,#3936,#3951,
#3964,#3979,#3993,#4008,#4025,#4040,#4053,#4067,#4080,#4093,#4105,#4117,#4133,
#4146,#4159,#4172,#4185,#4200,#4214,#4228,#4241,#4256,#4270,#4285,#4301,#4316,
#4329,#4344,#4357,#4370,#4382,#4395,#4408,#4420));
#4422=MANIFOLD_SOLID_BREP('',#4421);
#4423=(LENGTH_UNIT()NAMED_UNIT(*)SI_UNIT(.MILLI.,.METRE.));
#4424=(NAMED_UNIT(*)PLANE_ANGLE_UNIT()SI_UNIT($,.RADIAN.));
#4427=(NAMED_UNIT(*)SI_UNIT($,.STERADIAN.)SOLID_ANGLE_UNIT());
#4429=(GEOMETRIC_REPRESENTATION_CONTEXT(3)GLOBAL_UNCERTAINTY_ASSIGNED_CONTEXT((
#4428))GLOBAL_UNIT_ASSIGNED_CONTEXT((#4423,#4426,#4427))REPRESENTATION_CONTEXT(
'ID1','3'));
#4430=ADVANCED_BREP_SHAPE_REPRESENTATION('',(#4422),#4429);
#4437=PRODUCT_DEFINITION('part definition','',#4436,#4433);
#4438=PRODUCT_DEFINITION_SHAPE('','SHAPE FOR C-BAT-HLD-003-SMT.',#4437);
#4439=SHAPE_ASPECT('','solid data associated with C-BAT-HLD-003-SMT',#4438,.F.);
#4440=PROPERTY_DEFINITION('',
'shape for solid data with which properties are associated',#4439);
#4441=SHAPE_REPRESENTATION('',(#4422),#4429);
#4442=SHAPE_DEFINITION_REPRESENTATION(#4440,#4441);
#4443=(LENGTH_UNIT()NAMED_UNIT(*)SI_UNIT(.MILLI.,.METRE.));
#4447=PROPERTY_DEFINITION('geometric validation property',
'area of C-BAT-HLD-003-SMT',#4439);
#4448=REPRESENTATION('surface area',(#4446),#4429);
#4449=PROPERTY_DEFINITION_REPRESENTATION(#4447,#4448);
#4450=(LENGTH_UNIT()NAMED_UNIT(*)SI_UNIT(.MILLI.,.METRE.));
#4454=PROPERTY_DEFINITION('geometric validation property',
'volume of C-BAT-HLD-003-SMT',#4439);
#4455=REPRESENTATION('volume',(#4453),#4429);
#4456=PROPERTY_DEFINITION_REPRESENTATION(#4454,#4455);
#4458=PROPERTY_DEFINITION('geometric validation property',
'centroid of C-BAT-HLD-003-SMT',#4439);
#4459=REPRESENTATION('centroid',(#4457),#4429);
#4460=PROPERTY_DEFINITION_REPRESENTATION(#4458,#4459);
#4461=(LENGTH_UNIT()NAMED_UNIT(*)SI_UNIT(.MILLI.,.METRE.));
#4465=PROPERTY_DEFINITION('geometric validation property',
'area of C-BAT-HLD-003-SMT',#4438);
#4466=REPRESENTATION('surface area',(#4464),#4429);
#4467=PROPERTY_DEFINITION_REPRESENTATION(#4465,#4466);
#4468=(LENGTH_UNIT()NAMED_UNIT(*)SI_UNIT(.MILLI.,.METRE.));
#4472=PROPERTY_DEFINITION('geometric validation property',
'volume of C-BAT-HLD-003-SMT',#4438);
#4473=REPRESENTATION('volume',(#4471),#4429);
#4474=PROPERTY_DEFINITION_REPRESENTATION(#4472,#4473);
#4476=PROPERTY_DEFINITION('geometric validation property',
'centroid of C-BAT-HLD-003-SMT',#4438);
#4477=REPRESENTATION('centroid',(#4475),#4429);
#4478=PROPERTY_DEFINITION_REPRESENTATION(#4476,#4477);
#4479=SHAPE_DEFINITION_REPRESENTATION(#4438,#4430);
ENDSEC;
END-ISO-10303-21;
